,mt_moto,mt_auto,mt_remorque,mt_assur_vie,mt_incendie,nb_RC_agri,nb_bateau,nb_RC_entreprise,pouvoir_achat,PCSouvr
0,0,0,0,0,4,0,0,0,3,1
1,4,6,0,3,4,0,0,0,8,0
2,0,6,0,4,4,0,0,0,5,2
3,0,5,0,0,3,0,0,0,4,2
4,0,0,0,0,1,0,0,0,1,4
5,0,0,0,0,4,0,0,0,2,3
6,0,6,0,0,2,0,0,0,5,3
7,0,0,0,0,0,0,0,0,8,2
8,0,0,0,0,2,0,0,0,6,1
9,0,0,0,0,4,0,0,0,8,3
10,0,0,0,0,0,0,0,0,6,5
11,0,6,0,0,0,0,0,0,3,0
12,0,0,0,0,3,0,0,0,4,1
13,0,6,0,0,3,0,0,0,6,3
14,0,0,0,0,0,0,0,0,3,1
15,0,0,0,0,0,0,0,0,1,1
16,0,0,0,0,0,0,0,0,4,1
17,4,6,0,6,4,0,0,0,5,0
18,0,0,0,0,2,0,0,0,3,0
19,0,0,0,0,2,0,0,0,2,2
20,0,6,0,0,4,1,0,0,3,2
21,0,5,0,0,3,0,0,0,6,2
22,0,6,0,0,0,0,0,0,3,2
23,0,6,0,0,2,0,0,0,5,4
24,0,0,0,0,0,0,0,0,1,3
25,0,0,0,0,2,0,0,0,2,4
26,0,6,0,0,0,0,0,0,7,0
27,5,6,0,0,0,0,0,0,6,1
28,0,5,0,0,0,0,0,0,3,5
29,0,5,0,0,4,0,0,0,8,3
30,0,0,0,0,3,0,0,0,6,2
31,0,6,0,0,0,0,0,0,4,4
32,0,5,0,0,2,0,0,0,3,1
33,0,0,0,0,0,0,0,0,4,0
34,0,0,0,0,0,0,0,1,6,3
35,0,6,0,0,5,1,0,0,3,1
36,0,0,0,0,4,0,0,0,3,1
37,0,0,0,0,0,0,0,0,3,5
38,0,6,0,0,2,0,0,0,7,1
39,0,5,0,0,0,0,0,0,7,2
40,0,6,0,0,0,0,0,0,6,1
41,0,0,0,0,0,0,0,0,1,5
42,0,6,0,0,4,0,0,0,6,4
43,0,6,0,0,4,0,0,0,5,0
44,0,6,0,0,4,0,0,0,6,2
45,0,0,0,0,2,0,0,0,4,1
46,0,0,0,0,3,0,0,0,2,3
47,0,5,0,0,0,0,0,0,4,3
48,0,0,0,0,2,0,0,0,3,2
49,0,6,0,0,0,0,0,0,3,3
50,0,6,0,0,3,0,0,0,1,3
51,0,6,0,0,4,0,0,0,4,2
52,0,6,0,0,4,0,0,0,3,4
53,0,6,0,0,2,0,0,0,1,2
54,0,5,0,0,0,0,0,0,4,2
55,0,0,0,0,4,0,0,0,5,4
56,0,6,0,0,4,0,0,0,7,0
57,4,0,0,0,0,0,0,0,8,1
58,0,0,0,0,0,0,0,0,4,3
59,0,0,0,0,0,0,0,0,4,1
60,0,0,0,0,2,0,0,0,3,4
61,0,6,0,0,0,0,0,0,1,3
62,0,6,0,0,0,0,0,0,6,3
63,0,6,0,0,0,0,0,0,7,0
64,0,7,3,0,0,0,0,0,3,1
65,0,0,0,0,3,0,0,0,6,3
66,0,0,0,0,4,0,0,0,4,1
67,0,6,0,0,0,0,0,0,1,2
68,0,6,2,0,0,0,0,0,7,0
69,0,0,0,0,2,0,0,0,3,5
70,0,5,0,0,1,0,0,0,6,5
71,0,5,0,0,0,0,0,0,3,1
72,0,0,0,0,2,0,0,0,8,0
73,0,0,0,0,4,0,0,0,3,0
74,0,0,0,0,0,0,0,0,4,2
75,0,0,0,0,0,0,0,0,3,0
76,0,5,0,0,0,0,0,0,7,1
77,0,6,0,0,4,0,0,0,3,3
78,0,5,0,0,0,0,0,0,5,2
79,0,6,0,4,6,1,0,0,4,3
80,0,0,0,4,4,0,0,0,7,2
81,4,7,2,0,2,0,0,0,8,0
82,0,6,0,0,0,0,0,0,5,2
83,0,0,0,0,6,0,0,0,6,0
84,0,6,0,0,4,0,0,0,5,4
85,0,0,0,0,0,0,0,0,1,4
86,0,6,0,0,0,0,0,0,6,2
87,0,5,0,0,0,0,0,0,3,4
88,0,6,0,0,4,0,0,0,8,1
89,0,5,0,0,0,0,0,0,6,2
90,0,0,0,0,0,0,0,0,6,0
91,0,6,0,0,4,0,0,0,6,1
92,0,0,0,0,0,0,0,0,7,0
93,0,0,0,0,4,0,0,0,8,2
94,0,0,0,0,1,0,0,0,1,5
95,0,0,0,0,4,0,0,0,3,2
96,0,0,0,0,3,0,0,0,5,4
97,0,0,0,0,0,0,0,0,5,1
98,0,0,0,0,0,0,0,0,6,3
99,0,0,0,0,2,0,0,0,3,0
100,0,6,0,0,4,0,0,0,3,3
101,0,6,0,0,0,0,0,0,3,2
102,0,6,0,0,4,0,0,0,7,0
103,0,5,0,0,0,0,0,0,3,1
104,5,6,0,0,0,0,0,0,3,0
105,0,0,0,0,3,0,0,0,3,0
106,0,0,0,0,0,0,0,0,8,3
107,0,5,0,0,0,0,0,0,6,1
108,0,0,0,0,3,0,0,0,2,0
109,0,0,0,0,0,0,0,0,8,3
110,0,5,0,0,0,0,0,0,2,3
111,0,6,0,0,4,0,0,0,5,3
112,0,0,0,0,4,0,0,0,8,0
113,0,6,0,0,4,0,0,0,7,1
114,0,0,0,0,0,0,0,0,4,1
115,0,6,0,0,3,0,0,0,3,3
116,0,0,0,0,0,0,0,0,6,2
117,0,0,0,0,3,0,0,0,6,3
118,0,0,0,0,3,0,0,0,6,1
119,0,5,0,0,0,0,0,0,2,4
120,0,0,0,0,0,0,0,0,6,0
121,0,0,0,0,2,0,0,0,1,5
122,0,6,0,0,4,0,0,0,4,3
123,0,0,0,0,2,0,0,0,4,6
124,0,0,0,0,3,0,0,0,7,0
125,0,5,0,0,0,0,0,0,1,3
126,0,0,0,0,4,0,0,0,7,0
127,0,6,0,0,0,0,0,0,3,4
128,0,6,0,0,3,0,0,0,3,5
129,0,6,0,0,2,0,0,0,4,2
130,0,5,0,0,0,0,0,0,4,1
131,0,6,0,0,0,0,0,0,2,4
132,0,6,0,0,0,0,0,0,7,2
133,0,0,0,0,3,0,0,0,2,2
134,0,0,0,0,3,0,0,0,2,3
135,0,0,0,0,2,0,0,0,3,0
136,0,0,0,0,4,0,0,0,5,3
137,0,0,0,0,4,0,0,0,4,2
138,0,0,0,0,3,0,0,0,8,2
139,0,0,0,0,0,0,0,0,3,1
140,0,6,0,0,4,0,0,0,7,1
141,0,0,0,0,2,0,0,0,1,2
142,0,0,0,0,0,0,0,0,6,0
143,0,6,0,0,3,0,0,0,1,3
144,0,6,0,0,4,0,0,0,4,1
145,0,5,0,0,0,0,0,0,3,3
146,0,0,0,0,2,0,0,0,3,2
147,0,0,0,0,4,0,0,0,8,0
148,0,6,0,0,0,0,0,0,7,4
149,0,0,0,0,0,0,0,0,2,3
150,0,6,0,5,4,0,0,0,6,0
151,0,0,0,0,0,0,0,0,4,3
152,0,6,0,0,6,0,0,0,4,1
153,0,6,0,0,0,0,0,0,6,2
154,0,0,0,0,0,0,0,0,8,2
155,0,0,0,0,0,0,0,0,4,2
156,0,0,0,0,0,0,0,0,5,1
157,0,0,0,0,0,0,0,0,8,1
158,0,0,0,0,0,0,0,0,3,2
159,0,5,0,0,0,0,0,0,2,5
160,0,0,0,0,0,0,0,0,1,2
161,0,6,0,0,3,0,0,0,1,4
162,0,6,0,0,0,0,0,0,3,3
163,0,5,0,0,0,0,0,0,3,1
164,0,6,0,6,4,0,0,0,3,4
165,0,6,0,0,4,0,0,0,7,0
166,0,6,0,0,3,0,0,0,2,4
167,0,0,0,0,2,0,0,0,1,5
168,0,0,0,0,3,0,0,0,6,0
169,0,6,0,0,0,0,0,0,3,2
170,0,6,0,0,3,0,0,0,4,2
171,0,5,0,0,3,0,0,0,2,0
172,0,6,0,0,2,0,0,0,2,4
173,0,0,0,0,0,0,0,0,7,2
174,0,5,0,0,4,0,0,1,6,5
175,0,0,0,0,5,0,0,0,3,0
176,0,6,0,3,3,0,0,0,5,4
177,0,6,0,0,0,0,0,0,3,2
178,5,6,0,0,0,0,0,0,6,2
179,0,6,0,3,4,0,0,0,5,3
180,0,0,0,0,0,0,0,0,1,1
181,0,6,0,0,4,0,0,0,2,3
182,0,6,0,0,0,0,0,0,8,0
183,0,0,0,0,4,0,0,0,6,1
184,0,0,0,0,3,0,0,0,1,2
185,0,5,0,0,0,0,0,0,6,0
186,0,6,0,0,0,0,0,0,2,5
187,0,0,0,0,4,0,0,0,4,2
188,0,0,0,0,5,0,0,0,2,8
189,0,6,0,0,2,0,0,0,4,5
190,0,6,0,0,0,0,0,0,3,4
191,0,5,0,2,2,0,0,0,1,2
192,0,0,0,0,7,0,0,0,6,2
193,0,0,0,0,4,0,0,0,7,0
194,0,0,0,0,0,0,0,0,2,3
195,0,6,0,0,0,0,0,0,3,0
196,0,0,0,0,0,0,0,0,7,1
197,0,5,0,2,4,0,0,0,6,2
198,0,6,0,0,4,0,0,0,4,1
199,0,0,0,0,4,0,0,0,3,2
200,0,0,0,0,4,0,0,0,3,1
201,0,0,0,0,0,0,0,0,6,2
202,0,6,0,0,3,0,0,0,4,2
203,0,5,0,0,0,0,0,0,6,3
204,0,0,0,0,3,0,0,0,4,4
205,0,0,0,1,0,0,0,0,2,3
206,0,6,0,0,0,0,0,0,3,4
207,0,6,0,0,4,0,0,0,3,4
208,0,0,0,0,0,0,0,0,6,1
209,0,6,0,0,4,0,0,0,8,0
210,0,6,0,0,4,0,0,0,3,1
211,0,0,0,0,0,0,0,0,3,2
212,0,6,0,0,3,0,0,0,6,3
213,0,6,0,3,2,0,0,0,2,0
214,0,0,0,0,3,0,0,0,6,0
215,0,6,0,0,3,0,0,0,2,5
216,0,0,0,0,3,0,0,0,1,4
217,0,0,0,0,0,0,0,0,3,3
218,0,6,0,0,4,0,0,0,6,1
219,0,5,0,0,0,0,0,0,4,2
220,0,0,0,0,1,0,0,0,1,5
221,0,0,0,0,0,0,0,0,4,5
222,0,5,0,0,0,0,0,0,5,3
223,0,0,0,0,0,0,0,0,4,0
224,0,0,0,0,4,0,0,1,3,3
225,0,0,0,0,0,0,0,0,3,2
226,0,6,0,0,4,0,0,0,6,2
227,0,0,0,0,1,0,0,0,4,3
228,0,0,0,0,0,0,0,0,4,0
229,0,6,0,4,4,0,0,0,6,1
230,0,0,0,3,0,0,0,0,3,3
231,0,6,0,0,4,0,0,0,4,3
232,0,0,0,0,0,0,0,0,6,2
233,0,0,0,0,3,0,0,0,3,4
234,0,0,0,0,4,0,0,0,5,2
235,0,0,0,0,0,0,0,0,4,6
236,0,0,0,0,3,0,0,0,4,2
237,0,0,0,0,4,0,0,0,3,0
238,0,6,0,0,6,0,0,1,6,4
239,0,0,0,0,0,0,0,0,3,2
240,0,0,0,0,0,0,0,0,5,3
241,0,6,2,0,1,1,0,0,6,4
242,0,6,0,2,0,1,0,0,4,0
243,0,6,0,0,4,0,0,0,5,2
244,0,0,0,0,2,0,0,0,1,1
245,0,0,0,0,0,0,0,0,6,2
246,0,6,0,0,0,0,0,0,3,3
247,0,0,0,0,3,0,0,0,4,5
248,0,6,0,0,0,0,0,0,4,0
249,0,0,0,0,3,0,0,0,3,1
250,0,0,0,0,0,0,0,0,1,3
251,0,0,0,0,0,0,0,0,1,2
252,0,5,0,0,3,0,0,0,6,0
253,0,0,0,0,0,0,0,0,3,3
254,0,6,0,0,4,0,0,0,3,2
255,0,5,0,0,3,0,0,0,3,0
256,0,0,0,0,2,0,0,0,3,4
257,0,0,0,0,0,0,0,0,6,0
258,0,0,0,0,3,0,0,0,1,2
259,0,6,0,0,0,0,0,0,6,1
260,0,6,0,0,0,0,0,1,3,4
261,0,0,0,0,4,0,0,0,7,2
262,0,0,0,0,0,0,0,0,4,3
263,0,0,0,0,0,0,0,0,3,4
264,0,0,0,0,0,0,0,0,8,0
265,0,0,0,0,0,0,0,0,3,3
266,0,0,0,0,4,0,0,0,5,3
267,0,6,0,0,0,0,0,0,6,2
268,0,5,0,0,0,0,0,0,8,2
269,0,0,2,0,0,0,0,0,6,0
270,0,6,0,0,3,0,0,0,2,4
271,0,0,0,0,3,0,0,0,3,4
272,0,6,0,4,0,0,0,0,5,6
273,0,0,0,0,4,0,0,0,5,2
274,0,6,0,0,0,0,0,0,4,3
275,0,6,0,0,3,0,0,0,4,4
276,0,0,0,0,0,0,0,0,4,2
277,0,0,0,0,4,0,0,0,3,2
278,0,6,0,0,4,0,0,0,5,0
279,0,6,0,0,0,0,0,0,7,1
280,0,5,0,0,0,0,0,0,5,1
281,0,6,0,0,0,0,0,0,6,4
282,0,5,0,0,3,0,0,0,6,2
283,0,0,0,0,0,0,0,0,2,3
284,0,6,0,0,4,0,0,0,6,3
285,0,6,0,5,4,0,0,0,6,0
286,0,5,0,0,3,0,0,0,7,1
287,0,0,0,0,0,0,0,0,4,4
288,0,0,0,0,4,0,0,0,8,2
289,0,0,0,0,0,0,0,0,7,1
290,0,0,0,0,4,0,0,0,8,1
291,0,6,0,0,4,0,1,0,3,4
292,0,5,0,0,1,0,0,0,3,4
293,0,6,0,0,2,0,0,0,3,0
294,0,0,0,0,0,0,0,0,4,2
295,0,0,0,0,0,0,0,0,8,2
296,0,6,0,0,4,0,0,0,8,3
297,0,0,0,0,0,0,0,0,6,2
298,0,0,0,0,0,0,0,0,3,2
299,0,0,0,0,0,0,0,0,6,5
300,0,5,0,0,0,0,0,0,1,3
301,0,0,0,0,4,1,0,0,3,4
302,4,5,0,0,0,0,0,0,3,1
303,0,0,0,6,0,0,0,0,5,3
304,0,0,0,0,4,0,0,0,2,1
305,0,6,0,0,3,0,0,0,7,1
306,0,0,0,0,2,0,0,0,4,2
307,0,6,0,0,2,0,0,0,3,2
308,0,0,0,0,3,0,0,0,3,4
309,0,0,0,0,0,0,0,0,5,0
310,0,6,0,0,6,0,0,0,6,2
311,0,6,0,0,3,0,0,0,2,3
312,0,6,0,0,4,0,0,0,3,4
313,0,6,0,6,4,0,0,0,8,0
314,0,0,0,1,0,0,0,0,3,0
315,0,0,0,0,0,0,0,0,1,2
316,0,5,0,0,0,0,0,0,8,4
317,0,6,0,0,0,0,0,0,4,4
318,0,0,0,0,0,0,0,0,2,3
319,0,6,0,0,3,0,0,0,1,4
320,0,6,0,0,0,0,0,0,5,1
321,0,6,0,0,3,0,0,0,6,0
322,0,5,0,0,0,0,0,0,8,5
323,0,6,0,0,0,0,0,0,4,5
324,0,0,0,0,0,0,0,0,3,4
325,0,6,0,0,0,0,0,0,7,0
326,0,0,0,0,0,0,0,0,4,5
327,0,6,0,0,0,0,0,0,3,3
328,5,0,0,0,3,0,0,0,7,1
329,0,0,0,0,4,0,0,0,3,0
330,0,6,0,0,3,0,0,0,8,2
331,0,0,0,0,3,0,0,0,8,0
332,0,0,0,0,2,0,0,0,7,3
333,0,6,0,0,0,0,0,0,3,1
334,0,0,0,0,0,0,0,0,4,1
335,0,0,0,0,6,0,0,0,4,0
336,0,5,0,5,4,0,0,0,8,3
337,0,6,0,0,0,0,0,0,3,5
338,0,6,0,0,4,0,0,0,6,0
339,0,6,0,0,0,0,0,0,5,1
340,0,6,0,3,4,0,0,0,8,0
341,0,6,0,4,4,0,0,0,5,3
342,0,0,0,0,0,0,0,0,3,3
343,0,0,0,0,2,0,0,0,5,2
344,0,0,0,0,3,0,0,0,6,0
345,0,6,0,0,0,0,0,0,3,3
346,0,6,0,0,3,0,0,0,2,3
347,0,0,0,0,3,0,0,0,4,2
348,0,6,0,0,0,0,0,0,4,2
349,0,5,0,0,0,0,0,0,3,2
350,0,0,0,0,0,0,0,0,5,5
351,4,6,0,0,4,0,0,0,5,5
352,0,6,0,0,4,0,0,0,7,1
353,5,6,0,0,5,0,0,0,5,3
354,0,0,0,0,0,0,0,0,1,4
355,0,0,0,0,4,0,0,0,5,2
356,5,7,1,0,6,0,0,0,6,3
357,0,6,0,0,2,0,0,0,3,5
358,0,6,0,0,0,0,0,0,5,2
359,0,6,0,0,0,0,0,0,2,6
360,0,0,0,0,4,0,0,0,6,2
361,0,6,0,0,3,0,0,0,4,3
362,0,6,0,0,0,0,0,0,3,3
363,0,0,0,0,6,0,0,0,3,2
364,0,6,0,0,4,0,0,0,8,0
365,0,0,0,4,0,0,0,0,7,2
366,0,0,0,0,4,0,0,0,7,1
367,0,0,0,0,0,0,0,0,3,4
368,0,6,0,0,4,0,0,0,6,2
369,0,5,0,0,4,0,0,0,6,1
370,0,6,0,0,0,0,0,0,4,2
371,0,7,0,0,0,0,0,0,6,0
372,0,6,0,0,0,0,0,0,7,2
373,0,6,0,0,4,0,0,0,3,4
374,4,5,0,0,0,0,0,0,3,4
375,4,0,0,0,0,0,0,0,6,0
376,0,0,0,0,2,0,0,0,3,4
377,0,0,0,0,3,0,0,0,3,0
378,0,5,0,0,0,0,0,0,1,4
379,0,0,0,0,5,0,0,0,6,2
380,0,6,0,4,3,0,0,0,3,0
381,0,6,0,0,3,0,0,0,4,2
382,0,0,0,4,4,0,0,0,8,1
383,0,6,0,0,0,0,0,0,3,4
384,0,0,0,0,0,0,0,0,3,0
385,0,0,0,0,1,0,0,0,4,3
386,0,0,0,0,4,0,0,0,8,2
387,0,6,0,0,2,0,0,0,5,4
388,0,0,0,0,3,0,0,0,2,4
389,0,6,0,0,2,0,0,0,1,1
390,0,0,0,0,0,0,0,0,4,1
391,0,0,0,0,4,0,0,0,7,0
392,0,0,0,0,5,0,0,0,3,4
393,0,0,0,0,0,1,0,0,4,3
394,0,5,0,0,3,0,0,0,3,3
395,0,6,0,0,4,0,0,0,3,0
396,0,0,0,0,0,0,0,0,4,3
397,0,5,0,0,0,0,0,0,4,2
398,0,6,0,0,0,0,0,0,5,4
399,0,0,0,0,0,0,0,0,8,2
400,0,6,0,0,4,0,0,0,1,2
401,0,6,0,0,0,0,0,0,3,4
402,0,0,0,0,0,0,0,0,6,2
403,0,0,0,0,2,0,0,0,3,1
404,0,0,0,0,4,0,0,0,4,5
405,0,0,0,0,0,0,0,0,6,2
406,0,0,0,0,0,0,0,0,8,0
407,0,6,0,0,5,1,0,0,3,0
408,0,0,0,0,4,0,0,0,1,8
409,0,0,0,0,0,0,0,0,5,2
410,0,6,0,0,3,0,0,0,2,3
411,0,6,0,0,0,0,0,0,6,1
412,0,5,0,0,3,0,0,0,7,5
413,0,0,0,0,3,0,0,0,3,2
414,0,0,0,0,3,0,0,0,8,2
415,0,0,0,0,0,0,0,0,4,0
416,0,6,0,3,0,0,0,0,4,2
417,0,0,0,0,0,0,0,0,4,2
418,0,0,0,0,0,0,0,0,7,1
419,0,0,0,0,0,0,0,0,6,1
420,0,0,0,0,4,0,0,0,1,2
421,0,6,0,0,0,0,0,0,3,2
422,0,0,0,0,4,0,0,0,4,3
423,0,0,0,0,0,0,0,0,1,2
424,0,6,0,0,4,0,0,0,3,1
425,0,6,0,0,4,0,0,0,5,5
426,0,5,0,0,0,0,0,0,3,1
427,0,0,0,0,3,0,0,0,6,2
428,0,0,0,0,1,0,0,0,1,0
429,0,0,0,0,0,0,0,0,6,2
430,0,0,0,0,2,0,0,0,6,3
431,0,0,0,6,4,0,0,0,3,3
432,0,0,0,0,5,0,0,0,6,1
433,0,0,0,0,2,0,0,0,1,8
434,0,6,0,0,0,0,0,0,3,0
435,0,0,0,0,0,0,0,0,5,4
436,0,5,0,0,0,0,0,0,3,1
437,4,0,0,0,0,0,0,0,1,2
438,0,0,0,0,4,0,0,0,6,2
439,0,0,0,0,3,0,0,0,5,7
440,0,0,0,0,2,0,0,1,2,4
441,0,6,0,5,3,0,0,0,6,1
442,0,6,0,0,0,0,0,0,8,0
443,0,6,0,0,4,0,0,0,8,0
444,0,0,0,0,0,0,0,0,1,4
445,0,6,0,0,0,0,0,0,6,2
446,0,6,0,0,3,0,0,0,4,3
447,0,6,0,0,0,0,0,0,3,2
448,0,0,0,0,0,0,0,0,2,0
449,0,0,0,0,2,0,0,1,4,2
450,0,0,0,0,5,0,0,0,5,1
451,0,0,0,0,3,0,0,0,3,2
452,0,0,0,0,1,0,0,0,2,5
453,0,6,0,0,0,0,0,0,7,1
454,0,6,0,0,2,0,0,0,7,0
455,0,6,0,0,0,0,0,0,3,1
456,0,0,0,0,4,0,0,0,8,1
457,0,0,0,0,2,0,0,0,3,3
458,0,6,0,0,0,0,0,0,2,0
459,0,7,0,0,4,1,0,0,3,3
460,0,0,0,0,0,0,0,0,3,3
461,0,0,0,0,4,0,0,0,8,0
462,0,5,0,0,0,0,0,0,4,2
463,0,0,0,0,0,0,0,0,1,6
464,0,6,0,0,4,1,0,0,6,0
465,0,6,0,0,4,0,0,0,6,2
466,0,5,0,0,0,0,0,0,6,2
467,0,0,0,6,0,0,0,0,7,2
468,0,0,0,4,4,0,0,0,5,3
469,0,6,0,0,4,0,0,0,4,0
470,0,5,0,0,4,0,0,0,6,2
471,0,0,0,0,0,0,0,0,3,0
472,0,0,0,0,0,0,0,0,1,4
473,0,6,0,0,0,0,0,0,3,2
474,0,0,0,0,2,0,0,0,6,4
475,0,0,0,0,3,0,0,0,3,3
476,0,6,0,0,0,0,0,0,2,5
477,0,0,0,0,0,0,0,0,3,2
478,0,0,0,0,4,0,0,0,7,2
479,0,6,0,0,4,0,0,0,3,4
480,0,0,0,0,1,0,0,0,2,5
481,0,0,0,0,3,0,0,0,5,0
482,0,0,0,0,0,0,0,0,3,1
483,0,0,0,0,0,0,0,0,6,2
484,0,0,0,0,2,0,0,0,1,4
485,0,0,0,0,2,0,0,0,2,5
486,0,0,0,0,0,0,0,0,1,0
487,0,6,0,0,0,0,0,0,1,3
488,0,6,0,0,3,0,0,0,2,5
489,0,0,0,0,0,0,0,0,4,2
490,0,0,0,0,0,0,0,0,7,1
491,0,0,0,0,3,0,0,0,5,1
492,0,0,0,0,2,0,0,0,6,2
493,0,0,0,0,3,0,0,0,4,2
494,0,0,0,0,2,0,0,0,6,2
495,0,0,0,0,2,0,0,0,3,2
496,0,6,0,0,0,0,0,0,6,1
497,0,0,0,0,3,0,0,0,4,4
498,0,6,0,0,0,0,0,0,5,1
499,0,0,0,0,2,0,0,0,6,3
500,0,6,0,0,0,0,0,0,6,2
501,0,6,0,0,4,0,0,0,6,0
502,0,6,0,0,0,0,0,0,4,2
503,0,6,0,0,3,0,0,0,3,0
504,0,6,0,0,3,0,0,0,4,3
505,0,0,0,0,0,0,0,0,4,2
506,0,6,0,0,0,0,0,0,7,0
507,0,0,0,0,0,0,0,0,7,1
508,0,0,0,0,0,0,0,0,3,2
509,0,0,0,0,2,0,0,0,6,2
510,5,0,0,0,0,0,0,0,4,2
511,5,5,0,0,0,0,0,0,3,1
512,0,5,0,0,4,0,0,0,5,1
513,0,6,0,0,4,0,0,0,4,2
514,0,6,0,4,3,0,0,0,4,1
515,0,6,0,0,4,0,0,0,3,2
516,0,5,0,0,4,0,0,0,3,2
517,0,0,0,0,0,0,0,0,3,1
518,0,6,0,0,5,0,0,0,6,3
519,0,0,0,0,0,0,0,0,1,1
520,0,6,0,0,3,0,0,0,5,3
521,0,6,0,0,0,0,0,0,5,5
522,0,0,0,0,2,0,0,0,2,2
523,0,0,0,0,0,0,0,0,5,4
524,0,6,0,0,0,0,0,0,4,2
525,0,6,0,0,0,0,0,0,3,5
526,0,0,0,0,3,0,0,0,3,5
527,0,0,0,0,4,0,0,0,7,0
528,0,6,0,0,5,0,0,1,4,3
529,0,6,0,0,0,0,0,0,7,2
530,0,7,0,0,0,0,0,0,4,3
531,0,0,0,0,0,0,0,0,3,1
532,0,0,0,0,2,0,0,0,4,0
533,0,0,0,0,3,0,0,0,6,0
534,0,0,0,0,4,0,0,0,3,1
535,0,0,0,0,4,0,0,0,8,0
536,0,0,0,0,0,0,0,0,3,3
537,0,0,0,0,0,0,0,0,6,2
538,0,0,0,0,0,0,0,0,3,5
539,0,6,0,0,3,0,0,0,5,3
540,0,0,0,0,3,0,0,0,4,2
541,0,6,0,0,4,0,0,0,3,4
542,0,0,0,0,3,0,0,0,3,4
543,5,0,0,0,3,0,0,0,2,3
544,0,0,0,0,4,0,0,0,1,8
545,0,0,0,0,0,0,0,0,3,1
546,0,0,0,0,3,0,0,0,5,1
547,0,0,0,0,0,0,0,0,3,3
548,6,6,0,0,6,1,0,0,5,3
549,0,0,0,0,3,0,0,0,3,2
550,0,0,0,0,3,0,0,0,5,4
551,0,0,0,0,4,0,0,0,8,0
552,0,0,0,0,3,0,0,0,6,1
553,0,0,0,0,0,0,0,0,3,4
554,0,0,0,0,4,0,0,0,4,1
555,0,6,0,0,0,0,0,0,1,3
556,0,0,0,0,0,0,0,0,4,2
557,0,0,0,3,0,0,0,0,7,1
558,0,0,0,0,4,0,0,0,8,1
559,0,6,0,0,2,0,0,0,1,2
560,0,0,0,0,4,0,0,0,4,4
561,0,0,0,0,0,0,0,0,5,1
562,0,0,0,0,0,0,0,0,4,3
563,0,5,0,0,4,0,0,0,3,0
564,0,0,0,0,0,0,0,0,6,4
565,4,0,0,0,0,0,0,0,6,3
566,0,6,0,4,4,0,0,0,4,3
567,0,5,0,0,0,0,0,0,2,4
568,0,0,0,0,3,0,0,0,2,7
569,0,0,1,3,4,0,0,0,8,2
570,0,6,0,0,0,0,0,0,7,2
571,0,6,0,5,4,0,0,0,6,1
572,0,6,0,0,3,0,0,0,4,2
573,0,0,0,0,1,0,0,0,6,2
574,0,6,0,3,4,0,0,0,5,3
575,0,6,0,0,5,0,2,0,7,0
576,0,6,0,0,2,0,0,0,1,4
577,0,6,0,0,4,0,0,0,5,0
578,0,6,0,4,4,0,0,0,6,2
579,0,0,0,0,3,0,0,0,3,4
580,0,0,0,0,0,0,0,0,3,3
581,0,6,0,0,0,0,0,0,1,4
582,0,0,0,0,0,0,0,0,8,0
583,0,5,0,0,2,0,0,0,6,0
584,0,0,0,0,4,0,0,0,6,2
585,0,0,0,0,5,0,0,0,8,0
586,0,0,0,0,0,0,0,0,2,3
587,0,6,0,0,4,0,0,0,3,1
588,0,0,0,0,0,0,0,0,4,1
589,0,6,0,0,0,0,0,0,8,3
590,0,0,0,0,0,0,0,0,3,3
591,0,6,0,0,0,0,0,0,4,1
592,0,0,0,0,5,0,0,0,5,0
593,0,0,0,0,0,0,0,0,2,4
594,0,5,0,0,0,0,0,0,7,0
595,0,6,0,0,4,0,0,0,8,2
596,0,6,0,0,0,0,0,0,1,5
597,0,0,0,0,2,0,0,0,4,4
598,0,0,0,0,3,0,0,0,6,1
599,0,0,0,0,0,0,0,0,3,3
600,0,6,0,0,3,0,0,0,1,1
601,0,6,0,2,4,0,0,0,3,0
602,0,6,0,0,0,0,0,0,4,1
603,0,0,0,0,0,0,0,0,3,5
604,0,5,0,0,0,0,0,0,5,3
605,0,0,0,0,2,0,0,0,3,0
606,0,0,0,0,0,0,0,0,7,3
607,0,0,0,0,3,0,0,0,3,4
608,0,5,0,0,0,0,0,0,3,6
609,0,0,0,0,3,0,0,0,3,4
610,0,5,0,0,3,0,0,0,4,0
611,0,0,0,0,0,0,0,0,1,2
612,0,6,0,0,0,0,0,0,3,5
613,0,5,0,0,2,0,0,0,3,2
614,0,6,0,0,5,0,0,0,3,2
615,0,6,0,0,2,0,0,0,1,2
616,0,0,0,0,0,0,0,0,7,1
617,0,0,0,2,4,0,0,0,7,2
618,0,0,0,0,3,0,0,0,3,1
619,0,0,0,0,4,0,0,0,7,0
620,0,0,0,0,6,0,0,0,6,2
621,0,0,0,0,3,0,0,0,6,0
622,0,0,0,0,3,0,0,0,3,4
623,0,6,0,0,0,0,0,0,5,3
624,0,5,0,0,0,0,0,0,1,3
625,0,5,0,0,2,0,0,0,1,4
626,0,6,0,0,0,0,0,0,7,0
627,0,0,0,0,4,1,0,0,3,2
628,0,6,0,0,3,0,0,0,4,2
629,0,0,0,0,4,0,0,0,8,1
630,0,6,0,0,0,0,0,0,4,3
631,0,0,0,6,4,0,0,0,7,0
632,0,0,0,0,0,0,0,0,1,2
633,0,6,0,0,3,0,0,0,1,3
634,0,6,0,0,2,0,0,0,5,0
635,0,0,0,0,4,0,0,0,5,7
636,0,0,0,0,0,0,0,0,3,4
637,0,0,0,0,6,0,0,0,4,2
638,5,6,0,0,4,0,0,0,6,0
639,0,0,0,0,0,0,0,0,3,5
640,0,6,0,0,4,0,0,0,6,1
641,0,0,0,0,2,0,0,0,2,2
642,0,0,0,0,5,0,0,0,3,3
643,0,0,0,0,0,0,0,0,6,0
644,0,0,0,0,2,0,0,0,3,2
645,0,0,0,0,1,0,0,0,3,2
646,0,0,0,0,0,0,0,0,6,0
647,0,0,0,0,3,0,0,0,8,6
648,0,6,0,0,4,0,0,0,1,1
649,0,5,0,0,0,0,0,0,7,0
650,0,6,0,0,0,0,0,0,1,2
651,0,6,0,0,5,0,0,0,3,2
652,0,0,0,0,0,0,0,0,6,3
653,0,0,0,0,0,0,0,0,3,5
654,0,6,0,0,3,0,0,0,1,4
655,0,0,0,0,0,0,0,0,3,0
656,0,5,0,0,0,0,0,0,5,7
657,0,6,0,0,4,0,0,0,5,2
658,0,6,0,0,2,0,0,0,1,3
659,0,6,0,0,3,0,0,0,7,1
660,0,6,0,0,0,0,0,0,3,0
661,0,0,0,0,0,0,0,0,1,5
662,0,0,0,0,4,0,0,0,5,1
663,0,0,0,0,0,0,0,0,3,3
664,0,0,0,0,2,0,0,0,1,3
665,0,0,0,0,0,0,0,0,5,0
666,0,6,2,0,7,1,0,0,7,0
667,0,0,0,0,4,0,0,0,1,9
668,0,0,0,0,4,0,0,0,4,1
669,0,6,0,0,5,0,0,0,6,2
670,0,6,0,0,0,0,0,0,4,1
671,0,0,0,0,5,1,0,0,3,3
672,0,0,0,0,0,0,0,0,6,4
673,0,6,0,0,0,0,0,0,6,5
674,4,6,0,0,0,0,0,0,3,3
675,0,0,0,0,0,0,0,0,2,3
676,0,0,0,0,1,0,0,1,2,2
677,0,6,0,0,0,0,0,0,5,2
678,0,0,0,0,3,0,0,0,7,2
679,0,0,0,0,0,0,0,0,2,1
680,0,0,0,4,3,0,0,0,1,4
681,0,5,0,0,0,0,0,0,4,3
682,0,6,2,0,3,0,0,0,1,7
683,0,0,0,0,0,0,0,0,5,6
684,0,6,0,0,0,0,0,0,3,7
685,0,0,0,0,3,0,0,0,5,0
686,0,6,0,0,4,0,0,0,4,0
687,0,0,0,0,3,0,0,0,4,4
688,0,5,0,0,0,0,0,0,5,2
689,0,6,0,0,0,0,0,0,6,2
690,0,0,0,0,2,0,0,0,3,3
691,0,6,0,0,4,0,0,0,5,1
692,0,7,0,0,6,0,0,0,3,0
693,0,6,1,0,2,0,0,0,2,2
694,0,0,0,0,0,0,0,0,7,1
695,0,6,0,0,3,0,0,0,3,2
696,0,0,0,0,4,0,0,0,3,5
697,0,0,0,0,0,0,0,0,2,2
698,0,0,0,0,0,0,0,0,4,6
699,0,6,0,0,0,0,0,0,4,1
700,0,6,0,0,0,0,0,0,3,1
701,0,0,0,0,4,0,0,0,8,1
702,0,0,0,0,0,0,0,0,3,2
703,0,0,0,0,5,1,0,0,4,4
704,0,6,0,0,2,0,0,0,1,2
705,0,0,0,0,0,0,0,0,1,3
706,0,6,0,0,4,0,0,0,7,0
707,0,6,0,0,0,0,0,0,1,1
708,0,0,0,0,0,0,0,0,2,4
709,0,0,0,0,0,0,0,0,3,0
710,0,0,0,0,2,0,0,0,2,3
711,0,0,0,0,5,0,0,0,3,2
712,0,0,0,0,0,0,0,0,2,2
713,0,0,0,0,0,0,0,0,3,4
714,0,5,0,0,4,0,0,0,8,5
715,0,5,0,0,0,0,0,0,7,0
716,0,6,0,0,3,0,0,0,6,0
717,0,5,0,0,5,0,0,0,6,3
718,0,0,0,0,4,0,0,0,7,0
719,0,0,0,0,0,0,0,0,4,5
720,0,6,0,0,0,0,0,0,4,1
721,0,0,0,0,0,0,0,0,4,1
722,0,6,0,0,5,0,0,0,4,1
723,0,6,0,0,0,0,0,0,3,0
724,0,5,0,0,0,0,0,0,5,6
725,0,6,0,0,0,0,0,0,4,4
726,0,0,0,0,4,0,0,0,3,2
727,0,0,0,0,0,0,0,0,3,2
728,0,6,0,2,4,0,0,0,8,0
729,0,5,0,0,0,0,0,0,1,2
730,0,0,0,0,0,0,0,0,6,0
731,0,6,0,0,4,0,0,0,5,3
732,0,6,0,0,0,0,0,0,3,7
733,0,0,0,0,3,0,0,0,5,3
734,0,6,0,0,0,0,0,0,3,3
735,0,6,0,0,3,0,0,0,6,2
736,0,6,0,0,4,0,0,0,4,2
737,0,0,0,0,0,0,0,0,8,0
738,0,0,0,2,0,0,0,0,1,5
739,0,0,0,0,0,0,0,0,6,1
740,0,0,0,0,0,0,0,0,3,1
741,0,0,0,0,0,0,0,0,6,4
742,0,5,0,0,0,0,0,0,1,4
743,0,0,0,0,6,0,0,0,4,1
744,0,0,0,0,0,0,0,0,2,3
745,0,0,0,0,0,0,0,0,7,4
746,0,6,0,0,4,0,0,0,6,2
747,0,6,0,0,0,0,0,0,6,2
748,6,7,2,0,0,0,0,1,3,4
749,0,7,0,0,0,0,0,0,8,0
750,0,6,0,0,4,0,0,0,3,1
751,0,0,0,0,3,0,0,0,3,1
752,0,6,0,0,4,0,0,0,6,2
753,0,6,0,0,3,0,0,0,4,3
754,0,6,0,0,0,0,0,0,6,2
755,0,0,0,0,2,0,0,0,1,2
756,0,0,0,0,0,0,0,0,3,3
757,0,6,0,0,3,0,0,0,4,3
758,0,0,0,0,6,0,0,0,4,4
759,0,0,0,0,4,0,0,0,6,1
760,0,6,0,0,3,0,0,0,1,3
761,0,6,0,0,5,0,0,0,8,0
762,0,0,0,0,4,0,0,0,3,2
763,0,0,0,0,4,0,0,0,6,0
764,0,5,0,0,0,0,0,0,4,2
765,0,0,0,0,2,0,0,0,4,5
766,0,0,0,0,4,0,0,0,6,3
767,0,0,0,0,0,0,0,0,4,4
768,0,0,0,0,0,0,0,0,6,5
769,0,0,0,0,4,0,0,0,3,3
770,0,6,0,0,0,0,0,0,6,2
771,6,6,0,0,0,0,0,0,4,2
772,0,6,0,0,0,0,0,0,5,0
773,6,0,0,0,0,0,0,0,8,1
774,0,6,0,0,4,0,0,0,7,2
775,0,0,0,0,0,0,0,0,3,0
776,0,0,0,0,2,0,0,0,3,1
777,0,0,0,0,4,0,0,0,3,1
778,0,5,0,0,0,0,0,0,3,4
779,0,6,0,0,3,0,0,0,3,4
780,0,0,0,0,0,0,0,0,3,4
781,0,0,0,0,2,0,0,0,1,3
782,0,0,0,0,0,0,0,0,6,0
783,0,0,0,0,2,0,0,0,1,2
784,0,0,0,0,4,0,0,0,6,2
785,0,0,0,0,4,0,0,0,8,0
786,0,6,0,3,4,0,0,0,8,2
787,0,6,0,0,0,0,0,0,3,4
788,0,6,0,4,4,0,0,0,3,2
789,0,6,0,0,2,0,1,0,2,4
790,0,0,0,0,0,0,0,1,3,3
791,4,0,0,0,0,0,0,0,3,1
792,0,0,0,0,4,0,0,0,3,2
793,0,0,0,0,0,0,0,0,8,1
794,0,0,0,0,0,0,0,0,3,3
795,0,6,0,0,0,0,0,0,2,2
796,0,6,0,3,4,0,0,0,3,1
797,0,6,0,0,0,0,0,0,3,1
798,0,6,0,0,0,0,0,0,3,0
799,0,0,0,0,0,0,0,0,6,3
800,0,6,0,0,3,0,0,0,3,0
801,0,0,0,0,2,0,0,0,3,1
802,0,0,0,0,3,0,0,0,2,4
803,0,6,0,0,0,0,0,0,4,3
804,0,0,0,0,0,0,0,0,6,2
805,0,0,0,0,0,0,0,0,1,5
806,0,0,0,0,0,0,0,0,6,1
807,0,6,0,0,2,0,0,0,4,3
808,0,0,0,0,0,0,0,0,5,3
809,0,6,0,0,3,0,0,0,4,1
810,0,6,0,0,0,0,0,0,7,2
811,0,6,0,0,4,0,0,0,3,4
812,0,5,0,0,3,0,0,0,3,2
813,0,0,0,0,0,0,0,0,2,4
814,0,6,0,0,4,1,0,0,7,1
815,0,0,0,0,3,0,0,0,1,2
816,0,0,0,0,0,0,0,0,8,0
817,0,6,0,5,3,0,0,0,6,1
818,0,0,0,0,3,0,0,0,4,0
819,0,0,0,0,5,0,0,0,1,3
820,0,0,0,0,3,0,0,0,4,3
821,0,0,0,0,0,0,0,0,5,0
822,0,0,0,0,4,0,0,0,5,1
823,0,0,0,0,0,0,0,0,4,2
824,0,6,0,0,0,0,0,0,5,2
825,0,0,0,0,2,0,0,0,4,1
826,0,6,0,0,0,0,0,0,3,6
827,0,6,0,0,4,0,0,0,3,3
828,0,6,2,0,4,0,0,0,7,1
829,0,5,0,0,0,0,0,0,1,9
830,0,5,0,0,0,0,0,0,2,0
831,0,5,0,0,6,1,0,1,3,1
832,0,0,0,0,0,0,0,0,8,1
833,0,6,0,0,4,0,0,0,7,3
834,0,6,0,0,0,0,0,0,8,0
835,0,6,0,0,4,0,0,0,6,2
836,0,6,0,0,0,0,0,0,3,5
837,0,0,0,0,2,0,0,0,4,1
838,0,6,3,0,5,1,0,0,3,4
839,0,5,0,3,3,0,0,0,6,2
840,0,6,0,0,2,0,0,0,1,3
841,0,6,0,5,1,0,0,0,3,1
842,0,6,0,0,3,0,0,0,4,1
843,0,6,0,0,0,0,0,0,1,4
844,0,0,0,0,4,0,0,0,5,0
845,0,0,0,0,4,0,0,0,8,1
846,0,6,0,0,0,0,0,0,7,3
847,0,6,0,0,4,0,0,0,6,0
848,0,0,0,0,0,0,0,0,3,4
849,0,0,0,0,0,0,0,0,3,2
850,0,0,0,0,4,0,0,0,1,2
851,0,0,0,0,0,0,0,0,4,2
852,0,0,0,0,0,0,0,0,3,5
853,0,0,0,0,3,0,0,0,2,2
854,0,0,0,0,0,0,0,0,3,4
855,0,6,0,0,4,0,0,0,5,4
856,0,6,0,0,0,0,0,0,3,7
857,0,6,0,0,0,0,0,0,7,2
858,0,0,0,0,3,0,0,0,2,2
859,0,0,0,0,0,0,0,0,3,2
860,0,5,0,0,0,0,0,0,6,3
861,0,5,0,0,3,0,0,0,4,2
862,0,6,0,0,5,0,0,0,3,3
863,0,0,0,0,0,0,0,0,2,0
864,0,0,0,0,3,0,0,0,4,2
865,0,6,0,0,0,0,0,0,6,2
866,4,5,0,0,3,0,0,0,4,1
867,0,0,0,0,0,0,0,0,4,3
868,0,6,0,0,0,0,0,0,3,2
869,0,6,0,0,0,0,0,0,4,2
870,0,0,0,0,0,0,0,0,5,1
871,0,0,0,0,0,0,0,0,1,3
872,0,0,0,0,3,0,0,0,4,3
873,0,0,0,0,4,0,0,0,7,1
874,0,0,0,0,0,0,0,0,1,4
875,0,0,0,0,4,0,0,0,8,1
876,0,6,2,0,3,0,0,0,3,0
877,0,0,0,0,0,0,0,0,3,0
878,0,6,0,0,5,1,0,0,6,1
879,0,0,0,0,0,0,0,0,4,4
880,0,0,0,0,0,0,0,0,6,4
881,0,6,0,0,0,0,0,0,3,2
882,0,6,0,0,2,0,0,0,2,0
883,0,0,0,0,0,0,0,0,6,2
884,0,6,0,0,4,0,0,0,3,7
885,0,0,0,0,0,0,0,0,3,3
886,0,0,0,0,1,0,0,0,3,2
887,0,0,0,0,0,0,0,0,3,2
888,0,0,0,0,3,0,0,0,4,5
889,0,0,0,0,0,0,0,0,7,0
890,0,0,0,0,0,0,0,0,6,0
891,0,6,0,0,2,0,0,0,4,4
892,0,0,0,0,4,1,0,0,6,0
893,0,6,0,0,2,0,0,0,1,3
894,0,6,0,0,4,0,0,0,1,2
895,0,0,0,0,4,0,0,1,4,1
896,0,0,0,0,4,0,0,0,6,2
897,0,5,0,0,0,0,0,0,6,1
898,0,0,0,0,3,0,0,0,6,1
899,0,0,0,0,3,0,0,0,4,3
900,0,5,0,0,4,0,0,0,4,3
901,0,0,0,0,3,0,0,0,3,2
902,0,6,0,0,2,0,0,0,4,2
903,0,6,0,0,4,0,0,0,6,2
904,0,0,0,0,0,0,0,0,4,2
905,0,6,0,0,0,0,0,0,4,4
906,0,6,0,0,0,0,0,0,3,1
907,0,0,0,0,4,1,0,0,3,2
908,0,0,0,0,3,0,0,0,6,2
909,0,6,0,0,4,0,0,0,6,2
910,0,0,0,0,4,0,0,0,3,2
911,0,0,0,0,4,0,0,0,2,5
912,0,6,0,0,4,0,0,0,6,2
913,0,0,0,0,1,0,0,0,3,4
914,0,6,0,0,4,0,0,0,7,3
915,0,0,0,0,4,0,0,0,6,4
916,0,0,0,0,0,0,0,0,3,2
917,4,6,0,2,4,0,0,0,8,0
918,0,0,0,0,0,0,0,0,6,1
919,0,6,0,0,3,0,0,0,3,0
920,0,0,0,0,1,0,0,0,1,0
921,0,6,0,0,3,0,0,0,1,3
922,0,0,0,0,0,0,0,0,4,3
923,0,0,0,0,0,0,0,0,3,5
924,0,0,0,0,0,0,0,0,7,1
925,0,0,0,0,0,0,0,0,6,2
926,0,0,0,0,3,0,0,0,7,3
927,0,6,0,0,0,0,0,0,8,3
928,0,0,0,0,4,0,0,0,3,4
929,0,0,0,0,3,0,0,0,3,3
930,0,5,0,0,0,0,0,0,7,6
931,0,6,0,0,4,0,0,0,6,0
932,0,0,0,0,1,0,0,0,4,3
933,0,0,0,0,3,0,0,0,5,7
934,4,6,0,0,5,1,0,0,8,4
935,0,0,0,0,3,0,0,0,6,2
936,0,0,0,0,0,0,0,0,3,2
937,0,5,0,0,4,0,0,0,3,1
938,0,0,0,0,4,0,0,0,4,1
939,0,0,0,0,4,0,0,0,6,1
940,0,0,0,0,0,0,0,0,6,0
941,0,6,0,4,4,0,0,0,5,3
942,0,6,0,0,0,0,0,0,7,2
943,0,0,0,0,0,0,0,0,5,2
944,0,6,0,0,4,0,0,0,8,1
945,0,6,0,0,4,0,0,0,3,1
946,0,6,0,0,0,0,0,0,8,2
947,0,6,0,0,4,0,0,0,7,0
948,0,0,0,0,0,0,0,0,3,4
949,0,0,0,0,4,0,0,0,5,2
950,0,0,0,0,3,0,0,0,6,2
951,0,0,0,0,0,0,0,0,5,4
952,0,5,0,0,0,0,0,0,4,1
953,0,6,0,0,0,0,0,0,3,1
954,0,5,0,0,0,0,0,0,7,0
955,0,0,0,0,0,0,0,0,4,5
956,0,6,0,0,0,0,0,0,8,1
957,0,0,0,0,0,0,0,0,3,4
958,0,5,0,0,3,0,0,0,3,1
959,0,6,0,0,0,0,0,0,6,3
960,0,6,0,0,0,0,0,0,3,3
961,0,0,0,6,0,0,0,0,4,1
962,0,6,0,0,2,0,0,0,3,2
963,0,6,0,0,4,0,0,0,3,3
964,0,0,0,0,0,0,0,0,6,1
965,0,6,0,2,3,0,0,0,3,0
966,0,0,0,0,4,0,0,0,6,2
967,0,0,0,0,1,0,0,0,3,2
968,0,6,0,0,4,0,0,0,3,2
969,0,0,0,0,0,0,0,0,7,2
970,0,6,0,0,3,0,0,0,8,0
971,4,6,0,0,6,1,0,0,6,4
972,0,0,0,0,4,0,0,0,6,1
973,0,6,0,0,2,0,0,0,3,0
974,0,6,0,0,0,0,0,0,6,1
975,0,0,0,0,4,0,0,0,4,5
976,0,0,0,0,4,0,0,0,6,4
977,0,0,0,0,0,0,0,0,8,2
978,0,0,0,0,0,0,0,1,7,0
979,0,5,0,0,0,0,0,0,5,3
980,5,5,0,0,0,0,0,0,4,0
981,0,6,0,0,0,0,0,0,3,3
982,0,0,0,0,1,0,0,0,1,3
983,0,6,0,0,0,0,0,0,7,3
984,4,0,0,0,0,0,0,0,5,5
985,0,0,0,0,0,0,0,0,8,5
986,0,0,0,0,3,0,0,0,3,4
987,0,6,0,0,4,0,0,0,2,3
988,0,6,0,0,0,0,0,0,4,2
989,0,0,0,0,3,0,0,0,2,4
990,0,6,0,6,4,0,0,0,7,2
991,0,0,0,0,1,0,0,0,3,2
992,0,6,0,0,3,0,0,0,5,4
993,0,5,0,0,4,0,0,0,3,4
994,0,0,0,0,0,0,0,0,5,2
995,0,0,0,0,0,0,0,0,4,2
996,0,0,0,0,0,0,0,0,4,1
997,0,6,0,0,3,0,0,0,3,2
998,0,6,0,0,2,0,0,0,2,4
999,0,6,0,0,0,0,0,0,4,3
1000,0,0,0,0,0,0,0,0,6,0
1001,0,0,0,0,2,0,0,0,3,2
1002,0,0,0,0,3,0,0,0,4,3
1003,0,6,0,0,0,0,0,0,3,2
1004,0,0,0,0,4,0,0,0,4,0
1005,0,0,0,4,0,0,0,0,3,4
1006,0,6,0,0,4,0,0,0,8,1
1007,0,0,0,0,4,0,0,0,6,2
1008,0,6,0,0,0,0,0,0,5,6
1009,0,5,0,0,0,0,0,0,5,0
1010,0,6,0,0,3,0,0,0,1,2
1011,0,0,0,0,0,0,0,0,6,2
1012,0,0,0,0,0,0,0,0,7,2
1013,0,6,0,0,0,0,0,0,8,2
1014,0,0,0,0,4,0,0,0,4,2
1015,0,6,0,0,4,0,0,0,6,4
1016,0,0,0,0,4,0,0,0,3,2
1017,0,6,0,0,3,0,0,0,4,3
1018,0,0,0,0,0,0,0,0,5,4
1019,0,0,0,0,4,0,0,0,6,4
1020,0,6,0,0,0,0,0,0,3,1
1021,0,6,0,0,3,0,0,0,4,4
1022,0,0,0,0,0,0,0,0,8,4
1023,0,6,0,0,0,0,0,0,5,2
1024,0,0,0,0,0,0,0,0,7,2
1025,0,0,0,0,0,0,0,0,3,1
1026,0,0,0,0,0,0,0,0,6,1
1027,0,6,0,0,1,0,0,0,2,3
1028,0,6,0,0,4,0,0,0,7,0
1029,0,0,0,0,0,0,0,0,6,2
1030,6,5,0,0,4,0,0,0,3,3
1031,0,6,0,0,3,0,0,0,3,4
1032,0,6,0,0,0,0,0,0,4,5
1033,6,6,1,0,4,0,0,0,8,2
1034,0,0,0,0,0,0,0,0,5,5
1035,0,0,0,0,0,0,0,0,5,1
1036,0,0,0,0,2,0,0,0,2,8
1037,0,5,0,0,3,0,0,0,5,0
1038,0,6,0,0,4,0,0,0,3,0
1039,0,0,0,0,4,0,0,0,3,3
1040,0,5,0,0,0,0,0,0,1,3
1041,0,0,0,0,3,0,0,0,3,4
1042,0,0,0,3,4,0,0,0,3,4
1043,0,0,0,0,0,0,0,0,8,0
1044,0,6,0,0,0,0,0,0,2,3
1045,0,0,0,0,0,0,0,0,6,1
1046,0,6,0,0,4,0,0,0,6,1
1047,0,6,0,0,4,0,0,0,4,0
1048,0,0,0,0,2,0,0,0,2,6
1049,0,0,0,0,2,0,0,0,3,0
1050,0,6,0,0,3,0,0,0,6,0
1051,0,0,0,0,4,0,0,0,4,1
1052,0,0,0,0,0,0,0,0,5,3
1053,0,6,0,0,3,0,0,0,4,2
1054,0,0,0,0,4,0,0,0,3,2
1055,0,0,0,0,4,0,0,0,5,1
1056,0,5,0,0,2,0,0,0,6,2
1057,0,0,0,0,3,0,0,0,3,4
1058,0,0,0,0,3,0,0,0,5,3
1059,0,5,0,0,0,0,0,0,1,2
1060,0,5,0,0,0,0,0,0,2,3
1061,0,0,0,0,0,0,0,0,7,0
1062,0,5,0,0,0,0,0,0,3,1
1063,0,0,0,0,0,0,0,0,4,4
1064,0,0,0,0,0,0,0,0,7,0
1065,0,0,0,0,0,0,0,0,6,0
1066,0,0,0,0,2,0,0,0,1,3
1067,0,6,0,0,0,0,0,0,6,1
1068,0,0,0,0,3,0,0,0,4,2
1069,5,6,0,0,4,0,0,0,6,4
1070,0,6,0,0,0,0,0,0,4,2
1071,0,6,0,0,0,0,0,0,5,3
1072,4,0,0,0,0,0,0,0,3,1
1073,0,0,0,0,4,0,0,0,4,2
1074,0,0,0,0,4,0,0,0,3,2
1075,0,6,0,0,3,0,0,0,1,3
1076,0,0,0,0,0,0,0,0,3,2
1077,0,6,0,0,0,0,0,0,4,4
1078,0,5,0,0,1,0,0,0,6,1
1079,0,6,0,0,0,0,0,0,3,6
1080,0,0,0,0,0,0,0,0,2,0
1081,0,0,0,0,4,0,0,0,6,2
1082,0,6,0,0,3,0,0,0,3,3
1083,0,0,0,0,0,0,0,0,1,4
1084,0,0,0,0,3,0,0,0,3,0
1085,0,6,0,0,3,0,0,0,3,6
1086,0,5,0,0,2,0,0,0,2,3
1087,0,6,0,3,4,0,0,0,5,0
1088,0,0,0,0,3,0,0,0,5,3
1089,0,6,0,0,0,0,0,0,7,2
1090,0,5,0,0,3,0,0,0,6,0
1091,0,0,0,0,0,0,0,0,5,2
1092,0,0,0,0,3,0,0,0,3,2
1093,4,0,0,0,0,0,0,0,4,1
1094,0,0,0,0,0,0,0,0,2,2
1095,0,6,0,0,3,0,0,0,3,4
1096,5,6,0,0,2,0,0,0,6,1
1097,0,6,0,0,0,0,0,0,3,2
1098,0,6,0,0,0,0,0,0,8,3
1099,0,5,0,0,2,0,0,0,2,2
1100,0,6,0,0,3,0,0,0,7,1
1101,0,0,0,0,0,0,0,0,5,1
1102,0,0,0,0,0,0,0,0,4,0
1103,0,0,0,0,0,0,0,0,7,2
1104,0,0,0,0,3,0,0,0,7,2
1105,0,6,0,0,3,0,0,0,2,9
1106,4,6,0,0,4,0,0,0,6,0
1107,0,0,0,0,3,0,0,0,6,0
1108,0,0,0,0,2,0,0,0,1,4
1109,0,6,0,0,5,1,0,0,4,1
1110,0,0,0,0,2,0,0,0,1,6
1111,0,5,0,0,4,0,0,0,5,3
1112,0,0,0,0,0,0,0,0,7,2
1113,0,6,0,0,4,0,0,0,4,5
1114,0,0,0,0,0,0,0,0,4,0
1115,0,6,0,0,0,0,0,0,4,4
1116,0,6,0,0,0,0,0,0,8,3
1117,0,6,0,0,3,0,0,0,5,4
1118,4,6,0,0,0,0,0,0,5,3
1119,0,0,0,0,0,0,0,0,5,6
1120,0,6,0,0,0,0,0,0,4,1
1121,0,6,0,0,0,0,0,0,4,2
1122,0,5,0,0,3,0,0,0,1,1
1123,0,6,0,0,0,0,0,0,4,4
1124,0,0,0,0,3,0,0,0,3,2
1125,0,0,0,0,0,0,0,0,4,3
1126,0,6,0,0,0,0,0,0,3,2
1127,0,0,0,0,3,0,0,0,3,2
1128,5,0,0,0,5,0,0,0,8,0
1129,0,6,0,0,0,0,0,0,3,2
1130,0,0,0,0,3,0,0,0,3,2
1131,0,0,0,4,3,0,0,0,7,2
1132,0,6,0,0,0,0,0,0,6,2
1133,0,0,0,3,4,0,0,0,5,0
1134,0,5,0,0,6,1,0,0,3,4
1135,0,0,0,0,0,0,0,0,3,3
1136,0,0,0,0,0,0,0,0,4,1
1137,0,0,0,0,4,0,0,0,3,0
1138,0,6,0,0,0,0,0,0,5,4
1139,0,6,0,0,0,0,0,0,3,0
1140,0,6,0,0,3,0,0,0,5,7
1141,0,0,0,0,4,0,0,0,1,2
1142,0,6,0,0,5,0,0,0,3,0
1143,0,0,0,0,0,0,0,0,5,2
1144,0,6,0,0,0,0,0,0,8,1
1145,0,6,0,0,4,0,0,0,5,0
1146,0,0,0,0,0,0,0,0,5,0
1147,0,5,0,0,0,0,0,0,4,0
1148,0,0,0,0,2,0,0,0,3,3
1149,0,0,0,0,4,0,0,0,4,3
1150,0,5,0,0,0,0,0,0,6,4
1151,0,6,0,0,6,1,0,0,7,2
1152,6,6,0,0,4,0,0,0,4,2
1153,0,5,0,0,4,0,0,0,8,0
1154,0,0,0,0,0,0,0,0,6,0
1155,0,6,0,0,0,0,0,0,3,2
1156,0,0,0,0,0,0,0,0,5,3
1157,0,5,0,4,4,0,0,0,7,2
1158,5,6,0,0,0,0,0,0,6,1
1159,0,6,0,0,3,0,0,0,7,2
1160,0,5,0,0,2,0,0,0,6,2
1161,0,0,0,0,0,0,0,0,4,2
1162,0,6,0,0,4,0,0,0,4,2
1163,0,5,0,0,4,0,0,0,8,3
1164,0,9,0,0,0,0,0,0,6,2
1165,0,6,0,0,0,0,0,0,5,1
1166,0,6,0,0,0,0,0,0,3,4
1167,0,0,0,0,0,0,0,0,1,4
1168,0,0,0,0,4,0,0,0,3,3
1169,0,6,0,2,4,0,0,0,5,0
1170,0,5,0,0,0,0,0,0,7,0
1171,0,0,0,0,3,0,0,0,1,1
1172,0,0,0,0,1,0,0,0,2,0
1173,0,6,0,0,0,0,0,0,1,3
1174,0,6,0,0,4,0,0,0,3,3
1175,0,0,0,0,1,0,0,0,3,2
1176,0,0,0,0,3,0,0,0,3,0
1177,0,5,0,0,0,0,0,0,3,4
1178,0,6,0,0,0,0,0,0,3,3
1179,0,0,0,0,3,0,0,0,6,2
1180,0,6,0,0,2,0,0,0,2,4
1181,0,6,0,0,0,0,0,0,7,0
1182,0,6,0,0,4,0,0,0,5,0
1183,0,0,0,0,2,0,0,0,2,3
1184,0,0,0,0,2,0,0,0,3,3
1185,0,6,0,0,4,0,0,0,6,0
1186,0,6,0,0,0,0,0,0,3,2
1187,0,6,0,0,3,0,0,0,3,4
1188,4,0,0,0,0,0,0,0,6,2
1189,0,0,0,0,0,0,0,0,6,2
1190,0,6,0,0,4,0,0,0,3,3
1191,0,0,0,0,5,0,0,0,7,2
1192,0,0,0,0,0,0,0,0,7,1
1193,0,5,0,0,3,0,0,0,5,3
1194,0,6,0,0,3,0,0,0,6,1
1195,0,0,0,0,0,0,0,0,5,3
1196,0,0,0,0,0,0,0,0,3,4
1197,0,0,0,5,2,0,0,0,4,1
1198,0,0,0,0,3,0,0,0,5,2
1199,0,6,0,0,4,0,0,0,2,6
1200,0,0,0,0,2,0,0,0,4,2
1201,0,5,0,0,2,0,0,0,3,4
1202,0,0,0,0,0,0,0,0,4,3
1203,0,0,0,2,0,0,0,0,4,0
1204,0,0,0,5,2,0,0,0,4,1
1205,0,0,0,5,4,0,0,0,4,3
1206,0,6,0,0,4,0,0,0,7,1
1207,0,0,0,0,0,0,0,0,1,1
1208,0,0,0,0,1,0,0,0,1,1
1209,0,6,0,0,0,0,0,0,2,4
1210,0,0,0,0,4,0,0,0,4,1
1211,0,0,0,6,0,0,0,0,6,2
1212,0,5,0,0,0,0,0,0,2,6
1213,0,0,0,0,2,0,0,0,4,6
1214,0,6,0,0,3,0,0,0,8,4
1215,0,6,0,0,0,0,0,0,5,5
1216,0,6,0,0,0,0,0,0,2,6
1217,0,0,0,0,2,0,0,0,2,5
1218,0,0,0,0,0,0,0,0,3,4
1219,0,0,0,0,2,0,0,0,4,2
1220,4,0,0,0,4,0,0,0,4,5
1221,0,6,0,0,2,0,0,0,4,5
1222,0,6,0,0,0,0,0,0,6,3
1223,0,6,0,0,4,0,0,0,3,1
1224,0,0,0,0,6,0,0,0,8,2
1225,0,0,0,0,0,0,0,0,7,0
1226,0,0,0,0,0,0,0,0,7,0
1227,0,0,0,0,3,0,0,0,7,1
1228,0,6,0,0,0,0,0,0,1,2
1229,0,5,0,0,0,0,0,0,5,3
1230,0,6,0,0,0,0,0,0,3,0
1231,0,0,0,0,0,0,0,0,1,3
1232,0,0,0,0,1,0,0,0,3,5
1233,0,6,0,0,4,0,0,0,3,2
1234,0,5,0,0,1,0,0,0,3,3
1235,0,6,0,0,6,1,0,0,5,3
1236,6,0,0,0,0,0,0,0,8,0
1237,0,6,0,0,4,0,0,0,1,4
1238,0,0,0,0,1,0,0,0,2,3
1239,0,6,0,0,0,0,0,0,3,1
1240,0,6,0,0,0,0,0,0,3,3
1241,0,5,0,0,4,0,0,0,3,3
1242,0,6,0,0,4,0,0,0,7,0
1243,0,5,0,0,0,0,0,0,4,3
1244,0,0,0,0,0,0,0,0,8,2
1245,0,0,0,0,1,0,0,0,2,6
1246,0,6,0,0,4,0,0,0,8,0
1247,0,0,0,0,0,0,0,0,6,2
1248,0,5,0,0,0,0,0,0,5,6
1249,0,6,0,0,3,0,0,0,2,0
1250,5,0,0,7,4,0,0,0,4,0
1251,0,0,0,0,0,0,0,0,1,5
1252,0,6,0,0,4,0,0,0,7,1
1253,0,6,0,0,4,0,0,0,8,0
1254,0,6,0,0,3,0,0,0,4,2
1255,0,6,0,0,2,0,0,0,1,6
1256,0,0,0,0,4,0,0,0,3,2
1257,0,6,0,0,4,0,0,0,3,3
1258,0,5,0,0,0,0,0,0,4,5
1259,0,5,0,5,5,0,0,0,3,0
1260,0,6,0,0,0,0,0,0,2,3
1261,0,0,0,4,4,0,0,0,1,4
1262,0,0,0,0,0,0,0,0,6,1
1263,0,0,0,0,0,0,0,0,6,4
1264,0,5,0,0,4,0,0,0,3,2
1265,0,6,0,0,0,0,0,0,3,3
1266,0,0,0,0,0,0,0,0,7,1
1267,0,0,0,0,0,0,0,0,3,6
1268,0,6,0,0,4,0,0,0,8,1
1269,0,0,0,0,4,0,0,0,7,2
1270,0,6,0,0,4,0,0,0,1,4
1271,0,6,0,0,4,0,0,0,8,0
1272,0,0,0,0,0,0,0,0,7,1
1273,0,0,0,0,0,0,0,0,7,1
1274,0,0,0,0,0,0,0,0,6,2
1275,0,5,0,0,4,0,0,0,2,1
1276,0,0,0,0,0,0,0,0,5,4
1277,0,0,0,0,0,0,0,0,1,4
1278,0,6,0,0,4,0,0,0,1,2
1279,0,6,0,0,0,0,0,0,8,1
1280,0,0,0,0,0,0,0,0,7,5
1281,0,5,0,0,0,0,0,0,5,0
1282,0,0,0,0,0,0,0,0,4,0
1283,0,0,0,0,0,0,0,0,1,5
1284,0,0,0,0,0,0,0,0,6,1
1285,0,0,0,0,3,0,0,0,1,6
1286,0,0,0,0,3,0,0,0,3,2
1287,0,6,0,0,3,0,0,0,3,1
1288,0,6,0,0,0,0,0,0,4,2
1289,0,0,0,0,2,0,0,0,3,4
1290,0,0,0,4,0,0,0,0,3,1
1291,0,6,0,0,0,0,0,0,5,4
1292,0,0,0,0,2,0,0,0,5,2
1293,0,0,0,0,0,0,0,0,6,1
1294,0,0,0,4,2,0,0,0,3,4
1295,0,0,0,0,0,0,0,0,7,0
1296,0,6,0,0,0,0,0,0,6,1
1297,6,5,0,1,4,0,0,0,3,2
1298,0,0,0,0,7,0,0,0,4,2
1299,0,5,0,0,3,0,0,0,3,1
1300,0,0,0,0,0,0,0,0,4,5
1301,0,0,0,0,4,0,0,0,3,5
1302,0,6,0,0,4,0,0,0,3,3
1303,0,6,0,0,4,0,0,0,3,3
1304,0,6,0,0,4,0,0,0,8,4
1305,0,0,0,3,0,0,0,0,5,3
1306,0,0,0,0,3,0,0,0,2,3
1307,0,0,0,0,4,0,0,0,1,1
1308,0,0,0,3,0,0,0,0,7,0
1309,0,0,0,0,3,0,0,0,6,1
1310,0,0,0,0,2,0,0,0,4,3
1311,0,6,0,0,3,0,0,0,6,1
1312,5,0,0,0,3,0,0,0,3,6
1313,0,0,0,0,4,0,0,0,3,2
1314,0,6,0,0,0,0,0,0,3,2
1315,0,0,0,0,0,0,0,0,3,3
1316,0,0,0,0,0,0,0,0,8,0
1317,0,0,0,0,4,0,0,0,4,2
1318,0,0,0,0,4,0,0,0,4,2
1319,4,0,0,0,4,0,0,0,8,0
1320,0,0,0,0,0,0,0,0,3,3
1321,0,0,0,0,3,0,0,0,5,0
1322,0,0,0,0,4,0,0,0,3,0
1323,0,6,0,0,4,0,0,0,6,2
1324,0,0,0,0,4,0,0,0,2,2
1325,0,0,0,0,4,0,0,0,6,2
1326,0,5,0,0,0,0,0,0,2,5
1327,0,6,0,0,3,0,0,0,3,1
1328,0,6,0,0,6,1,0,0,3,0
1329,0,0,0,0,3,0,0,0,5,3
1330,0,6,0,0,3,0,0,0,1,5
1331,0,0,0,0,2,0,0,0,3,4
1332,0,0,0,0,3,0,0,0,6,4
1333,0,6,0,0,4,0,0,0,7,1
1334,0,6,0,0,2,0,0,0,3,4
1335,0,0,0,0,0,0,0,0,2,6
1336,0,0,0,3,4,0,0,0,5,1
1337,0,6,0,0,0,0,0,0,4,2
1338,0,0,0,0,4,0,0,0,3,3
1339,0,6,0,0,0,0,0,0,4,0
1340,0,0,0,0,3,1,0,0,3,5
1341,0,0,0,0,0,0,0,0,3,4
1342,0,6,0,0,0,0,0,0,4,1
1343,0,0,0,0,0,0,0,0,3,3
1344,0,0,0,0,2,0,0,0,6,1
1345,0,0,0,0,3,0,0,0,3,3
1346,0,0,0,0,3,0,0,0,8,0
1347,0,0,0,0,2,0,0,0,1,4
1348,0,0,0,0,0,0,0,0,2,4
1349,0,6,0,0,4,0,0,0,3,0
1350,0,6,0,0,4,0,0,0,3,0
1351,6,6,0,0,4,0,0,0,8,1
1352,0,5,0,0,0,0,0,0,2,2
1353,4,6,0,0,3,0,0,0,3,1
1354,0,0,0,0,0,0,0,0,2,2
1355,0,6,0,0,0,0,0,0,5,6
1356,0,5,0,0,0,0,0,0,4,4
1357,0,0,0,0,0,0,0,0,2,3
1358,0,0,0,0,2,0,0,0,5,0
1359,0,5,0,0,0,0,0,0,4,3
1360,0,0,0,0,3,0,0,0,6,1
1361,0,0,0,0,1,0,0,0,3,4
1362,0,0,0,0,0,0,0,0,7,3
1363,0,6,0,0,0,0,0,0,7,1
1364,0,6,0,0,6,1,0,0,3,3
1365,0,0,0,0,0,0,0,0,1,3
1366,0,6,0,0,0,0,0,0,7,1
1367,0,6,0,0,5,0,0,0,7,1
1368,0,0,0,0,0,0,0,0,1,0
1369,0,0,0,0,0,0,0,0,6,4
1370,0,0,0,0,2,0,0,0,2,1
1371,0,0,0,0,2,0,0,0,6,2
1372,0,0,0,0,5,0,0,0,3,3
1373,0,6,0,0,0,0,0,0,3,2
1374,0,6,0,0,0,0,0,0,4,1
1375,0,6,0,0,0,0,0,0,1,9
1376,0,6,0,0,0,0,0,0,8,0
1377,0,0,0,0,3,0,0,0,8,3
1378,0,5,0,0,0,0,0,0,3,7
1379,0,0,0,0,3,0,0,0,4,5
1380,0,6,0,0,0,0,0,0,8,0
1381,0,0,0,0,0,0,0,0,3,2
1382,0,0,0,0,4,0,0,0,8,1
1383,0,6,0,0,4,0,0,0,7,0
1384,0,6,0,0,3,0,0,0,8,0
1385,0,0,0,0,4,0,0,0,5,3
1386,0,0,0,0,0,0,0,0,5,3
1387,0,0,0,0,0,0,0,0,6,0
1388,0,0,0,0,3,0,0,0,3,3
1389,0,5,0,0,0,0,0,0,2,3
1390,0,6,0,0,0,0,0,0,6,3
1391,0,6,0,0,0,0,0,0,7,1
1392,0,0,0,0,0,0,0,0,1,4
1393,0,6,0,0,0,0,0,0,3,1
1394,0,0,0,0,3,0,0,0,3,3
1395,0,0,0,0,1,0,0,0,2,6
1396,0,0,0,0,0,0,0,0,4,0
1397,0,0,0,0,4,0,0,0,4,2
1398,0,5,0,0,0,0,0,0,5,6
1399,0,0,0,0,3,0,0,0,5,1
1400,0,7,0,0,4,0,0,0,5,1
1401,0,6,0,0,4,0,0,0,3,3
1402,0,0,0,0,0,0,0,0,6,0
1403,0,6,0,0,0,0,0,0,1,2
1404,0,0,0,0,4,0,0,0,3,0
1405,0,6,0,0,3,0,0,0,4,3
1406,0,0,0,0,3,0,0,0,3,1
1407,0,6,0,0,0,0,0,0,3,2
1408,0,0,0,0,2,0,0,0,3,1
1409,0,0,0,0,2,0,0,0,2,2
1410,0,6,0,0,4,0,0,0,3,3
1411,0,0,0,0,0,0,0,0,8,0
1412,0,6,0,0,4,0,0,0,6,2
1413,0,0,0,0,0,0,0,0,3,0
1414,0,0,0,0,4,0,0,0,3,3
1415,0,6,0,0,0,0,0,0,8,0
1416,0,6,0,0,6,0,0,1,1,3
1417,0,6,0,0,4,0,0,0,6,1
1418,0,0,0,0,0,0,0,0,4,3
1419,0,6,0,0,0,0,0,0,1,5
1420,0,0,0,0,6,0,0,0,6,2
1421,0,6,0,0,0,0,0,0,6,0
1422,0,0,0,0,0,0,0,0,5,5
1423,0,0,0,0,0,0,0,0,3,3
1424,0,0,0,0,4,0,0,0,3,2
1425,0,0,0,0,4,0,0,0,3,4
1426,0,0,0,0,3,0,0,0,6,2
1427,0,0,0,1,2,0,0,0,6,2
1428,0,0,0,0,5,0,0,0,3,0
1429,0,6,0,6,4,0,0,0,3,2
1430,0,6,0,0,0,0,0,0,6,2
1431,0,0,0,0,0,0,0,0,1,0
1432,0,0,0,0,0,0,0,0,3,3
1433,0,5,0,0,0,0,0,0,1,3
1434,0,0,0,0,0,0,0,0,3,2
1435,0,6,0,0,0,0,0,0,8,0
1436,0,6,0,0,3,0,0,0,2,4
1437,0,0,0,0,4,0,0,0,3,0
1438,0,0,0,0,4,0,0,0,3,3
1439,0,0,0,0,4,0,0,0,3,1
1440,0,5,0,0,0,0,0,0,2,3
1441,0,0,0,0,0,0,0,0,3,3
1442,0,0,0,4,4,0,0,0,8,1
1443,0,0,0,0,3,0,0,0,8,3
1444,0,6,0,0,3,0,0,0,1,4
1445,0,6,0,0,0,0,0,0,7,2
1446,0,6,0,0,3,0,0,0,3,6
1447,0,6,0,0,2,0,0,0,8,1
1448,0,0,0,0,3,0,0,0,1,7
1449,0,0,0,0,0,0,0,0,3,2
1450,0,6,0,0,0,0,0,0,4,4
1451,0,6,0,0,4,0,0,0,3,1
1452,0,0,0,0,0,0,0,0,7,1
1453,0,0,0,0,0,0,0,0,3,3
1454,0,0,0,0,6,0,0,0,7,2
1455,0,0,0,0,0,0,0,0,6,2
1456,0,6,0,0,0,0,0,0,6,2
1457,0,0,0,0,0,0,0,0,3,5
1458,0,0,0,0,2,0,0,0,3,4
1459,0,0,0,0,3,0,0,0,6,1
1460,0,0,0,0,3,0,0,0,2,2
1461,0,6,0,0,5,0,0,0,5,5
1462,0,0,0,0,3,0,0,0,4,3
1463,0,0,0,0,0,0,0,0,2,3
1464,0,6,2,0,5,1,0,0,3,0
1465,0,5,0,0,4,0,0,0,8,0
1466,0,6,0,0,3,0,0,0,5,3
1467,0,6,0,0,4,0,0,0,7,0
1468,0,6,0,0,0,0,0,0,6,1
1469,0,0,0,0,0,0,0,0,2,4
1470,0,6,0,0,0,0,0,1,6,2
1471,0,0,0,0,4,0,0,0,4,2
1472,0,6,0,0,0,0,0,0,7,2
1473,0,0,0,0,6,0,0,1,6,2
1474,0,0,0,0,4,0,0,0,6,1
1475,0,5,0,0,0,0,0,0,4,4
1476,0,0,0,0,0,0,0,0,4,2
1477,0,0,0,0,4,0,0,0,8,2
1478,0,5,0,0,0,0,0,0,4,2
1479,0,6,0,0,0,0,0,0,4,4
1480,0,5,0,0,3,0,0,0,4,3
1481,0,0,0,0,0,0,0,0,3,4
1482,0,0,0,0,1,0,0,0,6,0
1483,0,0,0,0,0,0,0,0,6,0
1484,0,0,0,0,0,0,0,0,7,1
1485,0,6,0,0,2,0,0,0,2,6
1486,0,0,0,0,2,0,0,0,3,4
1487,0,0,0,0,0,0,0,0,8,0
1488,0,0,0,0,0,0,0,0,6,1
1489,0,0,0,0,3,0,0,0,3,2
1490,0,0,0,0,0,0,0,0,8,0
1491,0,6,0,0,0,0,0,0,6,3
1492,0,0,0,0,3,0,0,0,5,3
1493,0,5,0,0,4,0,0,0,6,2
1494,0,0,0,0,0,0,0,0,3,5
1495,0,5,0,0,1,0,0,0,3,2
1496,0,0,0,0,6,0,0,0,3,0
1497,0,0,0,0,4,0,0,0,6,1
1498,0,6,0,0,3,0,0,0,8,1
1499,0,0,0,0,4,1,0,0,3,1
1500,0,6,0,0,3,0,0,0,6,0
1501,0,6,0,0,0,0,0,0,6,1
1502,0,0,0,0,0,0,0,0,5,0
1503,0,0,0,0,6,0,0,1,3,4
1504,0,0,0,0,0,0,0,0,8,1
1505,0,6,0,0,5,0,0,0,7,2
1506,0,6,0,0,0,0,0,0,4,3
1507,0,6,0,0,0,0,0,0,1,1
1508,0,6,0,0,4,0,0,0,6,1
1509,0,6,0,0,0,0,0,0,1,4
1510,0,6,0,0,6,0,0,0,3,1
1511,0,6,0,0,2,0,0,0,3,3
1512,0,5,0,0,4,0,0,0,6,0
1513,0,6,0,0,4,0,0,0,4,2
1514,0,0,0,0,1,0,0,0,2,2
1515,0,0,0,0,0,0,0,0,8,1
1516,0,6,0,0,5,1,0,0,4,3
1517,0,6,0,0,0,0,0,0,6,2
1518,0,6,0,0,0,0,0,0,8,1
1519,4,6,0,0,1,0,0,0,2,3
1520,0,0,0,0,2,0,0,0,4,1
1521,0,5,0,0,0,0,0,0,6,0
1522,0,6,0,0,2,0,0,0,3,4
1523,0,6,0,0,0,0,0,0,3,2
1524,0,6,0,0,3,0,0,0,6,1
1525,0,6,0,0,0,0,0,0,3,2
1526,0,6,0,0,6,0,0,0,3,2
1527,0,6,0,0,4,0,0,1,3,3
1528,0,6,0,0,0,0,0,0,6,2
1529,0,6,0,0,0,0,0,0,3,1
1530,4,0,0,0,0,0,0,0,3,4
1531,0,0,0,0,0,0,0,0,3,4
1532,0,5,0,0,3,0,0,0,6,1
1533,0,0,0,0,0,0,0,0,5,2
1534,0,6,0,0,3,0,0,0,3,3
1535,0,7,0,0,0,0,0,0,4,2
1536,0,6,0,0,0,0,0,0,5,1
1537,0,6,0,0,4,0,0,0,5,2
1538,0,0,0,0,0,0,0,0,5,2
1539,0,0,0,0,2,0,0,0,6,1
1540,0,5,0,0,3,0,0,0,1,4
1541,0,0,0,0,2,0,0,0,7,1
1542,0,0,0,0,0,0,0,0,8,2
1543,0,0,0,0,0,0,0,0,6,1
1544,0,0,0,0,3,0,0,0,4,3
1545,0,6,0,0,4,0,0,0,5,2
1546,0,0,0,0,0,0,0,0,4,5
1547,0,0,0,0,3,0,0,0,1,4
1548,0,0,0,0,0,0,0,0,8,1
1549,4,6,0,3,5,0,0,0,3,2
1550,0,0,0,0,0,0,0,0,3,0
1551,0,0,0,0,3,0,0,0,5,2
1552,0,0,0,0,0,0,0,0,3,2
1553,0,6,0,0,0,0,0,0,6,3
1554,0,6,0,0,2,0,0,0,2,2
1555,0,0,0,0,0,0,0,0,3,7
1556,0,6,0,0,0,0,0,0,3,2
1557,0,5,0,0,4,0,0,0,7,2
1558,0,6,0,0,0,0,0,0,4,0
1559,0,0,0,0,3,0,0,0,6,2
1560,0,0,0,0,0,0,0,0,7,1
1561,0,6,0,0,0,0,0,0,8,0
1562,0,6,0,0,3,0,0,0,8,0
1563,0,6,0,0,4,0,0,0,3,1
1564,0,0,0,0,3,0,0,0,3,4
1565,5,7,0,0,4,0,0,0,6,4
1566,0,0,0,0,0,0,0,0,3,2
1567,0,0,0,0,0,0,0,0,3,2
1568,0,0,0,0,2,0,0,0,4,2
1569,0,0,0,0,4,1,0,0,5,2
1570,0,0,0,0,0,0,0,0,3,1
1571,0,0,0,0,0,0,0,0,8,1
1572,0,6,0,0,4,0,0,0,2,3
1573,0,6,0,0,0,0,0,0,4,1
1574,0,0,0,0,0,0,0,0,1,1
1575,0,6,0,4,4,0,0,0,6,1
1576,0,0,0,0,3,0,0,0,6,4
1577,0,0,0,0,0,0,0,0,2,6
1578,0,6,0,0,4,0,0,0,3,0
1579,0,6,0,0,0,0,0,0,4,3
1580,0,0,0,0,0,0,0,1,6,0
1581,0,0,0,0,0,0,0,0,4,1
1582,0,6,0,0,4,0,0,0,1,4
1583,0,0,0,0,0,0,0,0,3,4
1584,0,6,0,0,6,0,0,0,3,0
1585,0,6,0,0,0,0,0,0,6,3
1586,0,5,0,0,2,0,0,0,3,1
1587,0,0,0,0,0,0,0,1,6,2
1588,0,0,0,4,4,0,0,0,6,4
1589,4,6,0,0,0,0,0,0,4,1
1590,0,6,0,0,0,0,0,0,5,3
1591,0,0,0,0,4,0,0,0,6,2
1592,0,5,0,0,0,0,0,0,3,5
1593,0,6,0,0,4,0,0,0,2,9
1594,0,0,0,0,2,0,0,0,3,1
1595,0,6,0,0,0,0,0,0,4,2
1596,0,0,0,0,0,0,0,0,3,2
1597,4,0,0,0,0,0,0,0,6,2
1598,0,6,0,0,0,0,0,0,6,2
1599,0,0,0,0,3,0,0,0,4,3
1600,0,0,0,0,0,0,0,0,3,0
1601,0,0,0,0,0,0,0,0,6,0
1602,0,0,0,0,0,0,0,0,6,0
1603,0,0,0,0,0,0,0,0,4,0
1604,0,0,0,0,3,0,0,0,6,5
1605,0,5,0,0,0,0,0,0,5,3
1606,0,6,0,0,3,0,0,0,4,0
1607,0,0,0,0,0,0,0,0,3,1
1608,0,6,0,0,2,0,0,0,2,0
1609,0,6,0,0,3,0,0,0,2,4
1610,0,0,0,0,0,0,0,0,3,2
1611,0,6,0,0,0,0,0,0,6,0
1612,0,6,0,0,4,0,0,0,5,3
1613,0,0,0,0,2,0,0,0,7,2
1614,0,0,0,0,3,0,0,0,1,3
1615,0,6,0,0,2,0,0,0,4,5
1616,0,0,0,0,0,0,0,0,5,3
1617,0,0,0,0,0,0,0,0,6,3
1618,0,6,0,0,5,0,0,1,3,4
1619,0,0,0,0,3,0,0,0,8,0
1620,0,0,0,0,3,0,0,0,5,1
1621,0,0,0,0,3,0,0,0,7,1
1622,0,6,0,0,0,0,0,0,3,3
1623,0,6,0,0,6,0,0,0,3,3
1624,0,6,0,0,0,0,0,0,6,2
1625,0,6,0,0,2,0,0,0,3,3
1626,0,6,0,0,5,0,0,0,3,2
1627,0,0,0,0,4,0,0,0,7,1
1628,0,0,0,0,0,0,0,0,5,3
1629,0,6,0,0,0,0,0,0,1,0
1630,0,6,0,0,4,0,0,0,6,2
1631,5,5,0,0,0,0,0,0,6,0
1632,0,0,0,0,3,0,0,0,3,4
1633,0,0,0,0,4,0,0,0,3,1
1634,0,6,0,0,4,0,0,0,8,0
1635,0,0,0,0,2,0,0,0,3,1
1636,4,6,0,0,4,0,0,0,6,2
1637,0,6,0,0,2,0,0,0,3,6
1638,0,0,0,0,2,0,0,0,4,4
1639,0,0,0,0,2,0,0,0,3,5
1640,0,6,0,0,3,0,0,0,6,1
1641,0,6,0,6,4,0,0,0,6,1
1642,0,0,0,0,0,0,0,0,8,0
1643,0,5,0,0,2,0,0,0,5,6
1644,0,0,0,0,0,0,0,0,5,5
1645,0,6,0,0,0,0,0,0,2,3
1646,0,0,0,0,0,0,0,0,7,1
1647,0,0,0,0,4,0,0,0,4,1
1648,0,6,0,0,4,0,0,0,3,1
1649,0,0,0,0,4,0,0,0,2,3
1650,0,6,0,0,6,0,0,0,3,1
1651,0,6,0,0,0,0,0,0,6,3
1652,0,6,0,0,0,0,0,0,7,1
1653,0,0,0,0,0,0,0,0,3,3
1654,0,5,0,0,4,0,0,0,2,5
1655,0,0,0,0,4,1,0,0,4,2
1656,0,6,0,0,4,0,0,0,6,2
1657,0,0,0,0,4,0,0,0,1,5
1658,0,0,0,0,0,0,0,0,4,3
1659,0,6,0,0,4,0,0,0,5,2
1660,0,6,0,0,3,0,0,0,4,1
1661,0,6,0,0,0,0,0,0,2,1
1662,0,6,0,0,0,0,0,0,4,3
1663,0,0,0,0,4,0,0,0,6,3
1664,0,6,0,0,4,0,0,0,8,1
1665,0,6,0,0,0,0,0,0,4,5
1666,0,6,0,0,0,0,0,0,2,0
1667,0,6,0,0,0,0,0,0,3,3
1668,0,5,0,0,0,0,0,0,1,6
1669,0,0,0,0,2,0,0,0,5,4
1670,0,6,0,0,3,0,0,0,6,0
1671,0,6,0,0,0,0,0,0,5,3
1672,0,6,0,0,0,0,0,0,6,1
1673,0,0,0,4,0,0,0,0,7,2
1674,0,0,0,0,0,0,0,0,1,2
1675,0,6,0,0,0,0,0,0,6,2
1676,0,6,0,0,0,0,0,0,2,1
1677,0,6,0,0,0,0,0,0,3,3
1678,4,6,0,6,0,0,0,0,4,2
1679,0,0,0,0,2,0,0,0,6,1
1680,0,0,0,0,0,0,0,0,7,0
1681,0,0,0,0,0,0,0,0,5,4
1682,0,0,0,0,0,0,0,0,2,5
1683,0,6,0,0,4,0,0,0,1,4
1684,0,0,0,0,4,0,0,0,7,5
1685,0,6,0,3,3,0,0,0,5,0
1686,0,0,0,0,0,0,0,0,1,6
1687,0,0,0,0,0,0,0,0,6,0
1688,0,0,0,0,2,0,0,0,4,2
1689,0,6,0,0,3,0,0,0,8,0
1690,0,6,0,0,4,0,0,0,8,0
1691,0,0,0,0,1,0,0,0,3,2
1692,0,0,0,0,0,0,0,0,4,1
1693,0,6,0,0,3,0,0,0,1,5
1694,0,6,0,0,0,0,0,0,8,1
1695,0,0,0,0,4,0,0,0,3,2
1696,0,6,0,0,5,0,0,0,3,2
1697,0,0,0,0,0,0,0,0,2,2
1698,0,6,0,0,1,0,0,0,5,1
1699,0,0,0,0,0,0,0,0,3,3
1700,4,6,0,0,0,0,0,0,4,5
1701,0,6,0,0,3,0,0,0,1,2
1702,0,6,0,3,4,0,0,0,6,1
1703,0,5,0,0,0,0,0,0,2,4
1704,0,0,0,0,0,0,0,0,6,2
1705,0,6,0,0,3,0,0,0,7,1
1706,0,0,0,0,4,0,0,0,3,1
1707,0,0,0,0,0,0,0,0,7,3
1708,0,0,0,2,3,0,0,0,3,4
1709,0,5,0,0,1,0,0,0,3,2
1710,0,6,0,0,3,0,0,0,3,0
1711,0,6,0,0,5,0,0,0,5,2
1712,0,6,0,0,4,0,0,0,6,1
1713,6,5,0,0,0,0,0,0,2,5
1714,0,6,0,0,4,0,0,0,4,2
1715,0,6,0,0,0,0,0,0,3,5
1716,0,6,0,0,4,0,0,0,4,6
1717,0,6,0,0,0,0,0,0,4,4
1718,0,6,0,0,0,0,0,0,5,4
1719,0,6,0,0,0,0,0,0,3,4
1720,0,0,0,4,0,0,0,0,2,6
1721,0,5,0,0,0,0,0,0,3,2
1722,0,6,0,0,4,0,0,0,5,2
1723,0,5,0,0,4,0,0,0,5,3
1724,0,6,0,0,6,0,0,0,7,2
1725,0,0,0,0,0,0,0,0,3,2
1726,0,6,0,0,3,0,0,0,3,5
1727,0,0,0,0,3,1,0,0,3,0
1728,0,0,0,0,2,0,0,0,1,2
1729,0,6,0,0,0,0,0,0,4,2
1730,0,0,0,0,1,0,0,0,3,0
1731,0,0,0,0,3,0,0,0,6,1
1732,0,5,0,0,0,0,0,0,2,4
1733,0,0,0,0,4,0,0,0,6,2
1734,0,8,0,0,4,0,0,1,1,5
1735,0,6,0,0,4,0,0,0,2,5
1736,0,6,0,0,0,0,0,0,7,0
1737,0,0,0,0,0,0,0,0,1,1
1738,0,6,0,0,4,0,0,0,1,3
1739,0,6,0,0,4,0,0,0,4,3
1740,0,0,0,0,2,0,0,0,2,1
1741,0,0,0,0,0,0,0,0,2,6
1742,0,6,0,0,0,0,0,0,3,1
1743,0,0,0,0,4,0,0,0,4,3
1744,0,0,0,0,3,0,0,0,6,4
1745,0,0,0,0,0,0,0,0,8,3
1746,0,6,0,0,0,0,0,0,4,3
1747,0,0,0,0,4,0,0,0,4,3
1748,0,0,0,0,0,0,0,0,2,2
1749,0,0,0,0,1,0,0,0,3,2
1750,0,0,0,0,3,0,0,0,6,4
1751,0,0,0,0,0,0,0,0,3,1
1752,0,0,0,0,5,0,0,0,3,0
1753,0,5,0,0,0,0,0,0,7,3
1754,0,0,0,0,4,0,0,0,7,1
1755,0,0,0,0,5,0,0,0,3,2
1756,0,4,0,0,0,0,0,0,2,4
1757,0,0,0,0,3,0,0,0,4,3
1758,0,6,0,0,2,0,0,0,6,5
1759,0,7,2,0,0,0,0,0,6,2
1760,0,5,1,0,4,1,0,0,4,2
1761,0,6,0,0,2,0,0,0,3,2
1762,0,0,0,4,0,0,0,0,7,0
1763,0,6,0,3,4,0,0,0,5,0
1764,0,0,0,0,4,0,0,0,8,4
1765,0,5,0,0,4,0,0,0,5,3
1766,0,6,0,0,4,0,0,0,7,2
1767,0,0,0,0,0,0,0,0,5,2
1768,0,6,0,0,0,0,0,0,1,9
1769,0,0,0,0,6,1,0,0,3,4
1770,0,6,0,0,0,0,0,0,5,4
1771,0,6,0,6,3,0,0,0,8,1
1772,0,0,0,0,1,0,0,0,4,4
1773,0,6,0,0,0,0,0,0,3,3
1774,0,6,0,0,0,0,0,0,6,2
1775,0,0,0,0,0,0,0,0,5,0
1776,0,6,0,0,2,0,0,0,2,4
1777,0,0,0,0,4,0,0,0,6,0
1778,0,6,0,0,4,0,0,0,4,2
1779,0,0,0,0,3,0,0,0,4,2
1780,0,0,0,0,0,0,0,0,6,0
1781,0,6,0,0,8,0,0,0,1,0
1782,0,6,0,0,6,1,0,0,4,0
1783,0,6,0,0,0,0,0,0,7,2
1784,0,6,0,0,0,0,0,0,2,4
1785,0,6,0,0,4,0,0,0,6,1
1786,0,6,0,0,5,0,0,0,6,4
1787,0,0,0,0,0,0,0,0,6,0
1788,0,0,0,0,4,0,0,0,4,2
1789,0,0,0,0,0,0,0,0,7,2
1790,0,6,0,0,0,0,0,0,8,1
1791,0,6,0,0,0,0,0,0,7,2
1792,0,6,0,3,4,0,0,0,3,0
1793,0,0,0,0,0,0,0,0,4,5
1794,0,0,0,0,4,0,0,0,4,2
1795,0,6,0,0,4,0,0,0,3,5
1796,0,0,0,0,3,0,0,0,6,1
1797,0,6,0,0,4,0,0,0,4,3
1798,0,6,0,5,2,0,0,0,3,0
1799,0,5,0,0,4,0,0,0,3,0
1800,0,0,0,0,0,0,0,0,7,2
1801,0,0,0,0,0,0,0,0,4,2
1802,0,0,0,0,1,0,0,0,3,3
1803,0,0,0,0,0,0,0,0,3,4
1804,0,6,0,0,4,0,0,0,6,1
1805,0,0,0,0,2,0,0,0,6,1
1806,0,0,0,0,5,1,0,0,3,5
1807,0,0,0,0,0,0,0,0,1,2
1808,0,6,0,0,4,0,0,0,3,0
1809,0,0,0,0,4,0,0,0,6,0
1810,0,6,0,0,4,0,0,0,6,1
1811,0,0,0,0,0,0,0,0,2,1
1812,0,0,0,0,3,1,0,0,3,4
1813,0,0,0,0,0,0,0,0,6,1
1814,0,0,0,0,2,0,0,0,2,4
1815,0,0,0,0,0,0,0,0,3,3
1816,0,0,0,0,3,0,0,0,3,5
1817,0,0,0,0,3,0,0,0,5,5
1818,0,6,0,0,3,0,0,0,5,3
1819,0,6,0,0,4,0,0,0,4,1
1820,0,5,0,0,0,0,0,0,3,3
1821,0,6,0,4,0,0,0,0,6,0
1822,0,0,0,0,0,0,0,0,6,3
1823,0,6,0,0,4,0,0,1,3,3
1824,0,0,0,0,0,0,0,0,4,4
1825,0,6,0,0,3,0,0,0,3,4
1826,0,0,0,0,3,0,0,0,4,1
1827,0,5,0,0,0,0,0,0,3,3
1828,0,6,0,0,3,0,0,0,1,2
1829,0,0,0,0,4,0,0,0,6,2
1830,0,6,0,0,0,0,0,0,4,2
1831,0,0,0,0,0,0,0,0,3,4
1832,0,6,0,0,3,0,0,0,4,7
1833,0,6,0,0,6,1,0,1,3,2
1834,0,6,0,0,4,0,0,0,6,1
1835,0,5,0,0,0,0,0,0,6,0
1836,0,6,0,0,0,0,0,0,8,0
1837,0,0,0,0,4,0,0,0,3,4
1838,0,0,0,0,3,0,0,0,7,0
1839,0,0,0,0,2,0,0,0,4,0
1840,0,6,0,0,0,0,0,0,5,2
1841,0,0,0,0,0,0,0,0,2,4
1842,0,0,0,0,0,0,0,0,5,5
1843,0,0,0,0,2,0,0,0,1,2
1844,5,6,0,0,0,0,0,0,5,3
1845,0,0,0,3,0,0,0,0,8,0
1846,0,6,0,0,0,0,0,0,7,2
1847,0,0,0,0,0,0,0,0,5,4
1848,0,5,0,0,0,0,0,0,3,3
1849,0,6,0,0,2,0,0,0,3,4
1850,0,6,0,0,0,0,0,0,5,3
1851,0,0,0,3,4,0,0,0,8,1
1852,0,0,0,4,2,0,0,0,2,4
1853,0,6,0,0,0,0,0,0,4,4
1854,0,5,0,0,0,0,0,0,2,4
1855,0,0,0,0,4,0,0,0,6,2
1856,0,6,0,0,4,0,0,0,8,0
1857,0,6,0,0,0,0,0,0,6,2
1858,0,6,0,0,3,0,0,0,3,3
1859,0,6,0,0,2,0,0,0,1,1
1860,0,6,0,0,5,0,0,0,3,2
1861,0,5,0,0,0,0,0,0,3,3
1862,0,0,0,0,0,0,0,0,4,2
1863,0,0,0,0,3,0,0,0,6,1
1864,0,6,0,0,3,0,0,0,2,1
1865,0,0,0,0,4,0,0,0,6,4
1866,0,5,0,0,0,0,0,0,4,2
1867,0,0,0,0,4,0,0,0,8,1
1868,0,0,0,0,0,0,0,0,3,6
1869,0,0,0,0,0,0,0,0,4,1
1870,0,5,0,0,2,0,0,0,3,2
1871,0,0,0,0,0,0,0,0,1,2
1872,0,0,0,0,5,0,0,0,5,0
1873,0,6,0,0,3,0,0,0,6,2
1874,0,6,0,0,4,0,0,0,5,2
1875,0,6,0,0,5,1,0,0,6,3
1876,0,0,0,0,4,0,0,0,6,2
1877,0,6,0,0,4,0,0,0,4,0
1878,0,0,0,0,0,0,0,1,3,5
1879,0,6,0,0,4,0,0,0,7,2
1880,0,0,0,0,3,0,0,0,1,3
1881,0,0,0,0,4,0,0,0,6,1
1882,0,0,0,0,3,0,0,0,7,2
1883,0,0,0,0,4,0,0,0,3,2
1884,0,6,0,0,3,0,0,0,4,2
1885,0,5,0,0,0,0,0,0,7,1
1886,0,0,0,0,4,0,0,0,3,6
1887,0,0,0,0,2,0,0,0,3,4
1888,0,5,0,0,0,0,0,0,3,2
1889,0,0,0,0,0,0,0,0,5,3
1890,0,6,0,0,4,0,0,0,4,2
1891,0,5,0,4,2,0,0,0,2,4
1892,0,6,0,0,0,0,0,0,2,6
1893,0,0,0,0,0,0,0,0,3,3
1894,0,0,0,0,0,0,0,0,6,3
1895,0,6,0,0,0,0,0,0,8,0
1896,0,6,0,4,4,0,0,0,8,1
1897,0,6,0,0,3,1,0,0,6,2
1898,4,6,0,0,0,0,0,0,5,2
1899,0,6,0,0,0,0,0,0,4,2
1900,0,5,0,0,0,0,0,0,4,4
1901,0,6,0,0,3,0,0,0,2,5
1902,0,0,0,0,2,0,0,0,4,4
1903,4,0,0,0,2,0,0,0,3,4
1904,0,0,0,0,2,0,0,0,3,5
1905,0,6,0,0,4,0,0,0,6,4
1906,0,0,0,0,3,0,0,0,8,1
1907,0,0,0,0,0,0,0,0,5,0
1908,0,6,0,0,0,0,0,0,1,1
1909,0,6,0,0,0,0,0,0,8,0
1910,0,6,0,0,5,0,0,0,6,2
1911,0,0,0,0,0,0,0,0,2,4
1912,0,6,0,0,3,0,0,0,3,2
1913,0,0,0,0,0,0,0,0,3,1
1914,0,0,0,0,1,0,0,0,2,5
1915,0,6,0,0,4,0,0,0,4,3
1916,0,6,0,0,3,0,0,0,6,2
1917,0,6,0,0,4,0,0,0,1,3
1918,0,0,0,0,0,0,0,0,8,2
1919,0,0,0,0,0,0,0,0,6,3
1920,0,0,0,0,5,0,0,0,3,2
1921,0,0,0,0,2,0,0,0,6,1
1922,0,0,0,0,0,0,0,0,6,3
1923,0,0,0,0,0,0,0,0,1,2
1924,0,0,0,0,4,0,0,0,6,4
1925,0,0,0,0,1,0,0,0,1,2
1926,0,0,0,0,0,0,0,1,8,4
1927,0,6,0,0,0,0,0,0,3,4
1928,0,6,0,0,4,0,0,0,1,5
1929,5,6,0,6,4,0,0,0,8,0
1930,0,6,0,0,4,0,0,0,8,0
1931,0,5,0,0,4,0,0,0,8,2
1932,0,6,0,0,3,0,0,0,3,4
1933,0,6,0,0,0,0,0,0,5,4
1934,0,6,0,0,3,0,0,0,6,1
1935,0,0,0,0,4,0,0,0,5,4
1936,0,0,0,0,0,0,0,0,2,3
1937,0,6,0,0,0,0,0,0,6,3
1938,0,6,0,0,4,0,0,0,8,3
1939,0,0,0,0,0,0,0,0,7,0
1940,0,0,0,0,2,0,0,0,3,6
1941,0,0,0,0,3,0,0,0,2,2
1942,0,0,0,6,0,0,0,0,4,3
1943,0,0,0,0,0,0,0,0,7,0
1944,0,0,0,0,0,0,0,0,3,4
1945,0,6,0,0,6,1,0,0,4,0
1946,0,0,0,0,0,0,0,0,2,4
1947,0,6,0,0,0,0,0,0,7,0
1948,0,0,0,0,0,0,0,0,3,2
1949,0,5,0,0,0,0,0,0,4,1
1950,0,5,0,0,0,0,0,0,1,3
1951,0,6,0,0,4,0,0,0,6,0
1952,0,5,0,0,0,0,0,0,1,4
1953,0,6,0,0,0,0,0,0,3,1
1954,0,6,0,0,3,0,0,0,4,5
1955,0,0,0,0,0,0,0,0,6,2
1956,0,0,0,0,0,0,0,0,2,3
1957,4,5,0,0,3,0,0,0,4,2
1958,0,0,0,0,4,0,0,0,7,2
1959,0,6,0,0,0,0,0,0,5,3
1960,0,0,0,0,0,0,0,0,3,2
1961,0,6,0,0,0,0,0,0,3,5
1962,0,0,0,0,6,1,0,0,5,2
1963,0,0,0,0,2,0,0,0,3,5
1964,0,5,0,0,3,0,0,0,6,2
1965,0,6,0,0,4,0,0,0,4,3
1966,0,6,0,0,4,0,0,0,3,2
1967,0,6,0,4,4,0,0,0,8,6
1968,0,6,0,0,0,0,0,0,4,3
1969,0,6,0,0,4,0,0,0,6,0
1970,0,6,0,0,4,0,0,0,3,2
1971,0,0,0,2,0,0,0,0,6,1
1972,0,6,0,0,0,0,0,0,1,5
1973,0,0,0,0,0,0,0,0,8,0
1974,0,6,0,0,3,0,0,0,3,2
1975,0,6,0,0,0,0,0,0,1,1
1976,0,0,0,0,4,0,0,0,1,2
1977,0,5,0,0,0,0,0,0,1,3
1978,5,6,0,0,3,0,0,0,4,4
1979,0,6,0,4,4,0,0,0,6,5
1980,0,0,0,0,0,0,0,0,6,4
1981,0,0,0,0,3,0,0,0,5,3
1982,0,0,0,0,3,0,0,0,2,4
1983,0,0,0,0,2,0,0,0,4,2
1984,0,5,0,0,0,0,0,0,3,4
1985,0,6,0,0,3,0,0,0,5,3
1986,0,5,0,0,4,0,0,0,2,5
1987,0,0,0,0,0,0,0,0,3,3
1988,0,6,0,0,0,0,0,0,4,2
1989,0,0,0,0,0,0,0,0,3,5
1990,0,6,0,3,3,0,0,0,3,4
1991,0,6,0,0,4,0,0,0,4,5
1992,0,6,0,0,0,0,0,0,2,4
1993,0,6,0,0,0,0,0,0,1,3
1994,0,0,0,0,4,0,0,0,5,3
1995,0,6,0,0,4,0,1,0,6,1
1996,0,0,0,0,2,0,0,0,2,7
1997,0,0,0,0,4,0,0,0,8,0
1998,0,0,0,0,3,0,0,0,3,0
1999,0,0,0,0,0,0,0,0,7,0
2000,0,6,0,5,3,0,0,0,6,0
2001,0,5,0,0,0,0,0,0,6,3
2002,0,6,0,0,4,0,0,0,5,6
2003,0,0,0,0,2,0,0,0,1,3
2004,0,6,0,0,0,0,0,0,4,2
2005,0,6,0,0,2,0,0,0,5,3
2006,0,6,0,0,0,0,0,0,4,2
2007,0,0,0,0,3,0,0,0,2,1
2008,0,6,0,5,4,0,0,1,3,4
2009,0,5,0,0,0,0,0,0,5,0
2010,0,0,0,0,0,0,0,0,8,0
2011,0,0,0,0,0,0,0,0,7,0
2012,0,0,0,0,0,0,0,0,5,3
2013,0,0,0,0,0,0,0,0,5,2
2014,0,6,0,0,0,0,0,0,1,1
2015,0,0,0,0,0,0,0,0,1,2
2016,0,6,0,5,4,0,0,0,6,1
2017,0,6,0,0,4,0,0,0,4,1
2018,0,6,0,0,3,0,0,0,3,4
2019,0,0,0,0,3,0,0,0,3,3
2020,0,0,0,0,0,0,0,0,6,0
2021,0,6,0,0,2,0,0,0,7,2
2022,0,6,0,0,3,0,0,0,1,2
2023,0,0,0,0,2,0,0,0,1,4
2024,0,6,0,3,0,0,0,0,4,2
2025,0,6,0,0,0,0,0,0,4,0
2026,0,0,0,0,0,0,0,0,8,2
2027,0,0,0,0,0,0,0,0,3,7
2028,0,0,0,0,4,0,0,0,3,1
2029,0,6,0,0,0,0,0,0,6,4
2030,0,0,0,0,0,0,0,0,4,3
2031,0,6,2,0,3,0,0,0,8,3
2032,0,6,0,0,4,0,0,0,4,4
2033,0,0,0,0,4,0,0,0,7,2
2034,0,7,0,0,0,0,0,0,6,2
2035,0,6,0,0,0,0,0,0,3,4
2036,0,6,0,0,4,0,0,0,1,2
2037,0,0,0,0,0,0,0,0,5,2
2038,0,6,0,0,5,1,0,0,4,2
2039,0,6,0,0,6,0,0,1,3,1
2040,0,0,0,0,0,0,0,0,2,0
2041,0,6,0,0,4,0,0,0,6,3
2042,0,6,0,0,4,0,0,0,5,4
2043,0,0,0,0,5,0,0,0,3,2
2044,0,0,0,0,3,0,0,0,5,3
2045,0,0,0,0,0,0,0,0,6,0
2046,0,7,0,0,4,0,0,0,3,0
2047,0,0,0,0,0,0,1,0,7,0
2048,0,0,0,0,0,0,0,0,8,0
2049,0,0,0,0,0,0,0,0,5,1
2050,0,0,0,0,0,0,0,1,6,2
2051,0,0,0,0,0,0,0,0,4,0
2052,0,0,0,0,3,0,0,0,7,1
2053,0,0,0,0,2,0,0,0,2,3
2054,0,6,0,0,0,0,0,0,3,4
2055,0,0,0,0,2,0,0,0,2,4
2056,0,0,0,0,0,0,0,0,4,4
2057,0,0,0,0,0,0,0,0,4,4
2058,0,6,0,0,4,0,0,0,3,4
2059,0,0,0,0,0,0,0,0,6,4
2060,0,6,0,0,0,0,0,0,1,3
2061,0,0,0,0,0,0,0,0,4,0
2062,0,5,0,0,0,0,0,0,2,5
2063,0,5,0,0,0,0,0,0,3,1
2064,0,6,0,0,0,0,0,0,3,0
2065,0,0,0,0,5,0,0,0,6,1
2066,0,6,0,0,0,0,0,0,5,3
2067,0,6,0,0,0,0,0,0,3,3
2068,0,0,0,0,0,0,0,0,6,2
2069,0,0,0,0,0,0,0,0,3,2
2070,0,6,0,0,0,0,0,0,7,0
2071,0,0,0,0,4,0,0,0,1,2
2072,0,6,0,0,3,0,0,0,2,2
2073,0,6,0,0,0,0,0,0,8,1
2074,0,6,0,0,0,0,0,0,1,2
2075,0,6,0,4,4,0,0,0,6,2
2076,0,0,0,0,0,0,0,0,6,1
2077,0,6,0,0,3,0,0,0,2,6
2078,0,0,0,0,0,0,0,0,3,2
2079,0,0,0,0,4,0,0,0,3,1
2080,0,6,0,0,0,0,0,0,5,3
2081,0,6,0,0,3,0,0,0,3,2
2082,0,0,0,0,4,0,0,0,4,1
2083,0,0,0,0,0,0,0,0,5,3
2084,0,0,0,0,0,0,0,0,3,0
2085,0,0,0,0,6,0,0,0,4,1
2086,0,0,0,0,3,0,0,0,4,0
2087,0,0,0,0,0,0,0,0,4,2
2088,0,6,0,0,3,0,0,0,5,2
2089,0,0,0,0,0,0,0,0,3,7
2090,0,6,0,0,4,0,0,0,3,5
2091,0,6,0,0,4,0,0,0,7,1
2092,0,5,0,0,0,0,0,0,3,0
2093,0,6,0,0,0,0,0,0,4,2
2094,0,0,0,0,0,0,0,0,4,1
2095,0,0,0,0,0,0,0,0,4,4
2096,0,6,0,0,2,0,0,0,3,0
2097,0,6,0,0,0,0,0,0,4,3
2098,0,6,0,0,3,0,0,0,4,3
2099,0,0,0,0,0,0,0,0,3,1
2100,0,0,1,0,0,0,0,0,5,4
2101,0,0,0,0,3,0,0,0,4,4
2102,0,0,0,0,0,0,0,0,3,1
2103,0,6,0,0,5,0,0,0,3,1
2104,0,0,0,0,0,0,0,0,3,2
2105,0,6,0,0,2,0,0,0,6,1
2106,0,5,0,0,0,0,0,0,4,0
2107,0,6,0,4,4,0,0,0,4,2
2108,0,0,0,0,3,0,0,0,2,3
2109,4,6,0,0,0,0,0,0,8,1
2110,0,6,0,0,0,0,0,0,4,3
2111,0,6,0,0,4,0,0,0,1,2
2112,0,6,0,0,4,0,0,0,7,0
2113,0,6,1,0,0,0,0,0,3,6
2114,0,0,0,0,3,0,0,0,6,1
2115,0,0,0,0,0,0,0,0,4,3
2116,0,0,0,0,3,0,0,0,5,1
2117,0,6,0,0,0,0,0,0,5,5
2118,0,6,0,0,4,0,0,0,7,0
2119,0,0,0,0,0,0,0,0,3,0
2120,0,5,0,0,0,0,0,0,2,0
2121,0,6,0,0,3,0,0,0,3,2
2122,0,6,0,0,3,0,0,0,7,1
2123,0,0,0,0,3,0,0,0,3,2
2124,0,0,0,0,0,0,0,0,8,1
2125,0,0,0,0,4,0,0,0,5,1
2126,0,5,0,0,0,0,0,0,3,0
2127,0,5,0,0,0,0,0,0,3,4
2128,0,7,0,0,4,0,0,0,6,3
2129,0,0,0,0,3,0,0,0,3,3
2130,0,0,0,0,0,0,0,0,6,1
2131,0,0,0,0,0,0,0,0,2,4
2132,0,6,0,0,4,0,0,0,7,1
2133,0,6,0,0,6,1,0,0,3,5
2134,0,0,0,0,0,0,0,0,3,3
2135,0,6,0,0,3,0,0,0,8,0
2136,0,6,0,0,0,0,0,0,6,0
2137,0,6,0,0,0,0,0,0,4,3
2138,0,0,0,3,4,0,0,0,3,2
2139,0,6,0,0,4,0,0,0,2,2
2140,0,6,0,0,4,0,0,0,8,1
2141,0,6,0,0,0,0,0,0,8,0
2142,0,0,0,0,0,0,0,0,4,1
2143,0,0,0,0,3,0,0,0,3,1
2144,0,0,0,0,4,0,0,0,3,2
2145,0,6,0,0,3,0,0,0,4,3
2146,0,6,0,4,4,0,0,0,5,3
2147,6,6,1,0,3,0,0,0,4,6
2148,0,6,0,0,5,0,0,0,6,1
2149,0,6,0,0,4,0,0,0,5,0
2150,0,0,0,0,3,0,0,0,1,3
2151,0,0,0,0,0,0,0,0,3,1
2152,0,6,2,0,1,0,0,0,6,1
2153,0,0,0,0,2,0,0,0,3,1
2154,0,6,0,0,4,0,0,0,6,0
2155,0,6,0,0,4,0,0,0,4,3
2156,0,0,0,0,0,0,0,0,7,5
2157,0,6,0,0,0,0,0,0,3,4
2158,0,0,0,0,2,0,0,0,4,4
2159,0,5,0,0,0,0,0,0,1,3
2160,0,0,0,0,4,0,0,0,3,2
2161,0,6,0,3,4,0,0,0,5,4
2162,0,0,0,0,3,0,0,0,4,6
2163,0,0,0,0,0,0,0,0,4,1
2164,0,6,0,4,4,0,0,0,7,1
2165,0,6,0,0,4,0,0,0,3,0
2166,0,0,0,0,3,0,0,0,6,3
2167,0,0,0,0,3,0,0,0,3,5
2168,0,5,0,0,0,0,0,0,6,3
2169,0,0,0,0,0,0,0,0,8,0
2170,0,6,0,0,4,0,0,0,1,3
2171,0,6,0,0,3,0,0,0,6,2
2172,0,0,0,0,0,0,0,0,3,4
2173,0,6,2,0,0,0,0,0,8,0
2174,0,0,0,0,3,0,0,0,3,2
2175,0,0,0,0,4,0,0,0,5,3
2176,0,5,0,0,0,0,0,0,4,4
2177,0,6,0,0,0,0,0,0,3,3
2178,0,0,0,0,0,0,0,0,3,0
2179,0,6,0,0,0,0,0,0,4,4
2180,0,6,0,0,0,0,0,0,6,3
2181,0,5,0,0,3,0,0,0,6,2
2182,0,0,0,0,0,0,0,0,3,2
2183,0,0,0,0,1,0,0,0,2,4
2184,0,5,0,0,4,0,0,0,4,0
2185,0,6,0,0,0,0,0,0,1,4
2186,5,0,0,0,0,0,0,0,3,3
2187,0,0,0,0,2,0,0,0,1,2
2188,0,0,0,0,0,0,0,0,3,4
2189,0,0,0,3,0,0,0,0,2,3
2190,0,5,0,0,0,0,0,0,3,1
2191,0,0,0,0,4,0,0,0,6,2
2192,0,0,0,0,0,0,0,0,8,2
2193,0,6,0,0,4,0,0,0,6,1
2194,0,6,0,0,0,0,0,0,8,1
2195,0,0,0,0,0,0,0,0,3,3
2196,0,0,0,0,4,0,0,0,7,2
2197,0,0,0,0,4,0,0,0,5,3
2198,0,6,0,0,0,0,0,0,2,4
2199,0,6,0,4,2,0,0,0,6,1
2200,5,6,0,0,3,0,0,0,4,0
2201,0,0,0,0,0,0,0,0,6,1
2202,0,6,0,0,0,0,0,0,8,0
2203,0,0,0,0,0,0,0,0,6,0
2204,0,0,0,0,3,0,0,0,6,1
2205,0,6,0,0,5,1,0,0,4,1
2206,0,0,0,0,4,0,0,0,5,3
2207,0,0,0,0,0,0,0,0,1,4
2208,0,0,0,0,2,0,0,0,4,2
2209,0,0,0,0,0,0,0,0,3,5
2210,0,0,0,5,0,0,0,0,1,5
2211,0,6,0,0,0,0,0,0,3,2
2212,0,5,0,6,4,0,0,0,8,2
2213,0,0,0,0,6,0,0,0,6,0
2214,0,6,0,0,4,0,0,0,6,2
2215,0,0,0,0,0,0,0,0,1,2
2216,0,6,0,0,4,0,0,0,6,2
2217,0,6,0,4,2,0,0,0,6,5
2218,0,0,0,0,1,0,0,0,3,0
2219,0,6,0,0,3,0,0,0,3,1
2220,0,0,0,0,2,0,0,0,1,0
2221,0,6,0,0,0,0,0,0,5,4
2222,0,0,0,0,2,0,0,0,8,3
2223,6,6,0,0,2,0,0,0,2,6
2224,0,6,0,0,4,0,0,0,3,5
2225,0,0,0,0,0,0,0,0,4,2
2226,0,0,0,0,0,0,0,0,6,2
2227,0,0,0,0,0,1,0,0,6,0
2228,0,6,0,0,0,0,0,0,3,6
2229,0,6,0,0,2,0,0,0,1,6
2230,0,6,0,0,0,0,0,0,6,0
2231,0,0,0,0,0,0,0,0,2,1
2232,0,5,0,0,0,0,0,0,3,2
2233,0,0,0,3,0,0,0,0,7,3
2234,0,0,0,0,4,0,0,0,4,2
2235,0,6,0,0,3,0,0,0,8,2
2236,0,0,0,0,0,0,0,0,4,2
2237,0,6,0,0,0,0,0,0,1,2
2238,0,6,2,0,4,0,0,0,4,3
2239,0,6,0,0,4,0,0,0,7,2
2240,0,6,0,0,4,0,0,0,7,2
2241,0,0,0,0,3,0,0,0,3,0
2242,0,6,0,0,6,0,0,0,4,2
2243,0,6,0,0,4,0,0,0,3,1
2244,0,6,0,0,0,0,0,0,1,1
2245,0,0,0,0,6,0,0,0,3,2
2246,0,6,0,0,3,0,0,0,6,1
2247,0,6,0,0,0,0,0,0,3,7
2248,0,0,0,0,3,0,0,0,3,3
2249,0,0,0,0,0,0,0,0,7,1
2250,0,0,0,0,4,0,0,0,8,2
2251,0,0,0,0,0,0,0,0,5,3
2252,0,6,0,0,4,0,0,0,7,1
2253,0,0,0,0,3,0,0,0,8,0
2254,0,0,0,0,3,0,0,0,4,3
2255,0,0,0,0,4,0,0,0,5,5
2256,0,0,0,5,3,0,0,0,4,2
2257,0,0,0,0,4,0,0,0,5,5
2258,0,0,0,0,3,0,0,0,3,1
2259,0,0,0,0,2,0,0,0,7,0
2260,0,0,0,0,0,0,0,0,7,0
2261,0,6,0,0,0,0,0,0,3,0
2262,0,6,0,0,0,0,0,0,6,2
2263,0,6,0,0,2,0,0,0,4,6
2264,0,0,0,0,5,0,0,0,3,1
2265,0,0,0,0,0,0,0,0,8,2
2266,0,6,0,0,4,1,0,0,8,1
2267,0,6,0,0,0,0,0,0,6,0
2268,0,6,0,0,4,0,0,0,5,1
2269,4,6,0,0,0,0,0,0,1,3
2270,0,0,0,0,0,0,0,0,3,1
2271,0,0,0,0,0,0,0,0,3,2
2272,0,0,0,0,0,0,0,0,6,4
2273,0,6,0,0,4,1,0,0,7,5
2274,0,6,0,0,3,0,0,0,8,0
2275,0,0,0,0,4,0,0,0,6,2
2276,0,6,0,0,0,0,0,0,6,1
2277,0,0,0,0,0,0,0,0,3,1
2278,0,6,0,0,2,0,0,0,6,1
2279,0,0,0,0,5,1,0,0,1,2
2280,0,0,0,0,0,0,0,0,6,4
2281,0,0,0,4,2,0,0,0,1,0
2282,0,0,0,0,4,0,0,1,3,0
2283,5,6,0,0,0,0,0,0,4,2
2284,0,6,0,0,3,0,0,0,2,5
2285,0,0,0,0,0,0,0,0,3,0
2286,0,0,0,0,0,0,0,0,3,2
2287,0,5,0,0,0,0,0,0,4,2
2288,0,5,0,2,2,0,0,0,7,2
2289,0,6,0,0,0,0,0,0,3,1
2290,0,0,0,0,0,0,0,0,3,0
2291,0,6,0,0,0,0,0,0,3,3
2292,0,6,0,0,0,0,0,0,3,2
2293,0,0,0,0,4,0,0,0,5,0
2294,0,0,0,0,4,0,0,0,3,0
2295,0,6,0,0,3,0,0,0,6,2
2296,0,0,0,0,4,0,0,0,3,1
2297,0,8,0,6,0,0,0,0,7,0
2298,0,5,0,0,0,0,0,0,8,6
2299,0,0,0,0,1,0,0,0,3,0
2300,0,6,0,0,0,0,0,0,3,2
2301,0,6,0,0,6,1,0,0,4,5
2302,0,6,0,0,0,0,0,0,8,0
2303,0,0,0,0,4,0,0,0,3,4
2304,4,6,0,4,4,0,0,0,5,6
2305,0,6,0,0,4,0,0,0,4,5
2306,0,0,0,0,0,0,0,0,2,2
2307,0,0,0,0,0,0,0,0,6,5
2308,0,0,0,0,0,0,0,0,3,4
2309,0,6,0,0,3,0,0,0,6,1
2310,0,6,0,6,3,0,0,0,7,0
2311,0,0,0,0,0,0,0,0,6,2
2312,0,0,0,0,0,0,0,0,6,2
2313,0,0,0,0,3,0,0,0,5,3
2314,0,0,0,0,0,0,0,0,6,2
2315,0,6,0,0,3,0,0,0,8,3
2316,0,6,0,0,4,0,0,0,2,2
2317,0,0,0,0,0,0,0,0,5,6
2318,0,0,0,0,4,0,0,0,4,5
2319,0,0,0,4,3,0,0,0,3,1
2320,0,0,0,0,6,0,0,0,8,2
2321,0,0,0,0,4,1,0,0,6,3
2322,0,0,0,0,0,0,0,0,5,0
2323,0,0,0,0,4,1,0,0,3,5
2324,0,0,0,0,0,0,0,0,3,4
2325,0,6,0,0,3,0,0,0,4,4
2326,0,0,0,0,2,0,0,0,3,0
2327,0,6,0,0,0,0,0,0,6,2
2328,0,5,0,0,2,0,0,0,6,1
2329,0,5,0,0,4,0,0,0,8,2
2330,0,0,0,0,2,0,0,0,3,3
2331,0,0,0,0,5,0,0,0,5,5
2332,0,6,0,0,0,0,0,0,6,3
2333,0,0,0,5,0,0,0,0,5,2
2334,0,6,0,0,4,0,0,0,6,2
2335,0,0,0,0,6,0,0,0,3,2
2336,0,6,0,0,0,0,0,0,1,5
2337,0,0,0,0,6,0,0,0,3,2
2338,0,0,0,0,0,0,0,0,6,2
2339,0,0,0,0,3,0,0,0,5,3
2340,0,0,0,0,0,0,0,0,7,2
2341,0,6,0,0,0,0,0,0,4,3
2342,0,0,0,0,0,0,0,0,7,2
2343,0,6,0,0,4,0,0,0,3,6
2344,0,0,0,0,0,0,0,0,8,2
2345,0,6,0,0,0,0,0,0,8,0
2346,0,6,0,0,5,0,0,0,1,5
2347,0,0,0,0,4,0,0,1,4,1
2348,0,0,0,0,0,0,0,0,6,2
2349,0,0,0,0,3,0,0,0,6,1
2350,0,0,0,0,3,0,0,0,3,2
2351,0,6,0,3,4,0,0,0,4,2
2352,0,6,0,0,4,0,0,0,3,4
2353,4,6,0,0,0,0,0,0,3,0
2354,0,0,0,0,1,0,0,0,3,1
2355,0,6,0,0,0,0,0,0,2,6
2356,0,6,0,0,2,0,0,0,7,0
2357,0,5,0,0,0,0,0,0,2,6
2358,0,0,0,0,0,0,0,0,4,0
2359,0,0,0,0,2,0,0,0,8,1
2360,0,5,0,0,4,0,0,0,4,3
2361,0,0,0,0,0,0,0,0,2,4
2362,0,0,0,0,3,0,0,0,1,4
2363,0,6,0,0,4,0,0,0,3,4
2364,0,0,0,0,0,0,0,0,6,1
2365,0,0,0,0,0,0,0,0,6,1
2366,0,5,0,0,0,0,0,0,4,3
2367,4,6,0,0,0,0,0,0,5,0
2368,0,6,0,0,4,0,0,0,5,3
2369,0,0,0,0,3,0,0,0,5,0
2370,0,6,0,0,4,0,0,0,7,0
2371,0,6,0,0,4,0,0,0,3,2
2372,0,6,0,0,3,0,0,0,3,7
2373,0,5,0,0,3,0,0,0,6,1
2374,0,0,0,0,0,0,0,0,6,2
2375,0,5,0,3,3,0,0,0,6,2
2376,0,5,0,0,4,0,0,0,4,3
2377,0,0,0,0,3,0,0,0,6,0
2378,0,6,0,0,2,0,0,0,1,3
2379,0,7,0,0,4,0,0,0,6,0
2380,0,6,0,0,2,0,0,0,1,3
2381,0,6,0,0,0,0,0,0,4,3
2382,0,0,0,0,3,0,0,0,8,3
2383,0,0,0,0,4,0,0,0,4,2
2384,0,0,0,0,0,0,0,0,8,2
2385,0,6,0,0,2,0,0,0,7,2
2386,0,6,0,0,4,0,0,0,5,3
2387,0,0,0,0,5,0,0,0,3,2
2388,0,6,0,0,4,0,0,0,7,2
2389,0,6,0,0,4,0,0,0,4,0
2390,0,6,0,3,4,0,0,1,6,1
2391,0,6,0,0,4,0,0,0,3,3
2392,0,0,0,0,6,0,0,0,4,1
2393,0,0,0,4,0,0,0,0,8,3
2394,0,6,0,0,4,0,0,0,8,4
2395,0,0,0,0,5,0,0,0,3,2
2396,0,0,0,0,0,0,0,0,2,4
2397,0,0,0,0,2,0,0,0,2,2
2398,0,0,0,0,0,0,0,0,8,2
2399,0,0,0,0,0,0,0,0,6,1
2400,0,6,0,0,0,0,0,0,8,3
2401,0,0,0,0,2,0,0,0,6,1
2402,0,0,0,0,4,0,0,0,7,4
2403,0,6,0,0,4,0,0,0,6,1
2404,0,6,0,0,0,0,0,0,5,5
2405,0,0,0,0,6,0,0,0,6,4
2406,0,6,0,0,0,0,0,0,3,3
2407,0,5,0,0,0,0,0,0,3,4
2408,0,6,0,0,4,0,0,0,3,4
2409,0,0,0,0,2,0,0,0,3,4
2410,0,0,0,0,1,0,0,0,3,1
2411,0,6,0,0,0,0,0,0,6,1
2412,0,0,0,0,3,0,0,0,4,3
2413,0,6,0,0,0,0,0,0,1,2
2414,0,5,0,0,4,0,0,0,3,3
2415,0,0,0,0,4,0,0,0,4,4
2416,0,6,0,0,4,0,0,0,7,0
2417,0,0,0,0,6,0,0,0,7,2
2418,0,5,0,0,4,0,0,0,8,1
2419,0,0,0,3,3,0,0,0,3,3
2420,0,0,0,3,4,0,0,0,4,2
2421,0,0,0,0,0,0,0,0,2,1
2422,0,5,0,0,0,0,0,0,4,0
2423,0,0,0,0,0,0,0,0,7,2
2424,0,6,0,0,4,0,0,0,4,1
2425,0,6,0,0,0,0,0,0,3,1
2426,0,0,0,0,3,0,0,0,4,2
2427,0,6,0,0,0,0,0,0,1,4
2428,0,5,0,0,1,1,0,0,2,9
2429,0,5,0,0,0,0,0,0,3,4
2430,0,0,0,0,1,0,0,0,3,2
2431,0,6,0,6,0,0,0,0,3,4
2432,0,0,0,0,0,0,0,0,2,0
2433,0,0,0,0,4,0,0,0,7,2
2434,0,6,0,0,2,0,0,0,8,2
2435,0,6,0,0,4,0,0,0,4,3
2436,0,0,0,0,2,0,0,0,3,3
2437,0,0,0,0,2,0,0,0,3,3
2438,0,6,0,0,0,0,0,0,1,2
2439,0,0,0,0,4,1,0,0,3,4
2440,0,0,0,0,0,0,0,0,4,0
2441,0,6,0,0,0,0,0,0,4,3
2442,0,6,0,4,4,0,0,0,7,2
2443,0,0,0,0,2,0,0,0,2,3
2444,0,6,0,0,0,0,0,0,3,2
2445,0,0,0,0,2,0,0,0,6,1
2446,4,6,0,0,0,0,0,0,6,0
2447,0,0,0,0,0,0,0,0,6,1
2448,0,6,0,0,4,0,0,0,3,1
2449,0,0,0,0,0,0,0,0,3,4
2450,0,6,0,0,4,0,0,0,4,1
2451,0,6,0,0,0,0,0,0,4,2
2452,0,6,0,0,3,0,0,0,2,4
2453,0,6,0,0,4,0,0,0,4,1
2454,0,0,0,0,0,0,0,0,6,1
2455,0,6,0,0,4,0,0,0,1,4
2456,0,0,0,0,4,0,0,0,4,3
2457,0,5,0,0,0,0,0,0,2,0
2458,0,0,0,0,0,0,0,0,2,6
2459,0,0,0,0,0,0,0,0,3,4
2460,0,0,0,0,4,0,0,0,8,3
2461,0,6,0,0,3,0,0,0,3,3
2462,0,6,0,0,4,0,0,0,6,1
2463,0,0,0,0,0,0,0,0,3,2
2464,0,6,0,0,0,0,0,0,6,2
2465,4,6,0,0,4,0,0,0,4,2
2466,0,0,0,0,0,0,0,0,6,1
2467,0,0,0,0,0,0,0,0,6,3
2468,0,6,0,0,4,0,0,0,4,0
2469,0,0,0,0,2,0,0,0,3,6
2470,0,6,0,4,3,0,0,0,3,3
2471,0,0,0,0,0,0,0,0,1,2
2472,0,0,0,0,0,0,0,0,3,1
2473,0,0,0,0,2,0,0,1,3,0
2474,0,0,0,0,4,0,0,0,3,2
2475,0,6,0,0,0,0,0,0,6,2
2476,0,6,0,2,4,0,0,0,3,1
2477,0,0,0,4,0,0,0,0,3,3
2478,0,6,0,0,4,0,0,0,6,2
2479,0,0,0,3,0,0,0,0,3,0
2480,0,6,0,0,0,0,0,0,4,1
2481,0,0,0,0,3,0,0,0,7,1
2482,0,0,0,0,0,0,0,0,3,6
2483,0,0,0,0,0,0,0,0,4,2
2484,0,6,0,0,0,0,0,0,7,2
2485,0,6,0,0,4,0,0,0,3,1
2486,0,0,0,0,4,0,0,0,4,4
2487,0,5,0,0,0,0,0,0,7,4
2488,0,6,0,0,6,1,0,0,3,0
2489,0,6,0,0,0,0,0,0,7,0
2490,0,6,0,0,2,0,0,0,3,2
2491,0,5,0,0,0,0,0,0,6,2
2492,0,6,0,0,3,0,0,0,6,3
2493,0,5,0,0,0,0,0,0,4,2
2494,0,0,0,0,0,0,0,0,1,2
2495,0,6,0,0,0,0,0,0,4,2
2496,0,6,0,0,4,0,0,0,4,2
2497,0,0,0,0,0,0,0,0,3,1
2498,0,0,0,0,0,0,0,0,3,2
2499,0,0,0,0,2,0,0,0,1,3
2500,4,6,0,0,4,0,0,0,8,2
2501,0,0,0,0,6,1,0,0,4,2
2502,0,6,0,0,6,0,0,0,2,0
2503,0,0,0,0,0,0,0,0,7,1
2504,0,0,0,3,3,0,0,0,3,5
2505,0,6,0,0,6,0,0,0,1,4
2506,0,5,0,0,0,0,0,0,3,5
2507,0,6,0,0,0,0,0,0,3,2
2508,0,0,0,0,4,0,0,0,6,3
2509,0,0,0,0,0,0,0,0,2,3
2510,0,6,0,0,4,0,0,0,7,0
2511,0,5,0,0,0,0,0,0,4,1
2512,0,0,0,0,2,0,0,0,1,1
2513,0,5,0,0,4,0,0,0,3,3
2514,0,6,0,0,2,0,0,0,3,2
2515,0,6,0,0,4,0,0,0,7,1
2516,0,0,0,0,4,0,0,0,6,2
2517,0,0,0,0,3,0,0,0,1,2
2518,0,0,0,0,4,0,0,0,4,2
2519,0,0,0,0,4,0,0,0,6,4
2520,0,6,0,0,0,0,0,0,5,4
2521,0,6,0,0,4,0,0,0,4,0
2522,0,0,0,0,0,0,0,0,6,0
2523,0,0,0,0,4,0,0,0,4,1
2524,0,0,0,0,0,0,0,0,1,6
2525,0,5,0,0,0,0,0,0,3,1
2526,0,0,0,0,5,1,0,0,3,0
2527,0,0,0,0,0,0,0,0,4,0
2528,0,0,0,0,3,0,0,0,1,3
2529,0,6,0,3,2,0,0,0,3,2
2530,0,6,0,5,6,1,0,0,3,0
2531,0,6,0,0,0,0,0,0,4,1
2532,0,0,0,0,3,0,0,0,6,1
2533,0,6,0,0,4,0,0,0,6,1
2534,0,6,0,0,0,0,0,0,6,3
2535,0,0,0,0,0,0,0,0,5,3
2536,0,0,0,0,4,0,0,0,4,2
2537,0,0,0,0,0,0,0,0,5,3
2538,0,0,0,0,0,0,0,0,6,2
2539,4,5,0,0,5,0,0,0,4,3
2540,0,6,0,0,4,0,0,0,8,1
2541,0,0,0,0,0,0,0,0,8,1
2542,6,6,0,0,0,0,0,0,2,5
2543,0,5,0,0,6,0,0,1,1,2
2544,0,6,0,0,4,0,0,0,6,2
2545,0,5,0,0,0,0,0,0,5,5
2546,0,6,0,0,0,0,0,0,3,2
2547,0,0,0,0,6,0,0,0,4,3
2548,0,5,0,0,0,0,0,0,4,2
2549,0,0,0,0,2,0,0,0,1,1
2550,0,5,0,0,0,0,0,0,4,1
2551,0,5,0,0,0,0,0,0,5,5
2552,0,0,0,0,4,0,0,0,6,2
2553,0,0,0,0,2,0,0,0,5,6
2554,0,6,0,0,6,1,0,0,4,0
2555,0,6,0,0,0,0,0,0,7,2
2556,0,0,0,0,0,0,0,0,7,0
2557,0,0,0,0,0,0,0,0,7,0
2558,6,0,0,0,5,0,0,0,3,5
2559,0,6,0,0,0,0,0,0,8,2
2560,0,6,0,0,4,0,0,0,6,3
2561,0,6,0,0,4,0,0,0,3,3
2562,0,5,0,0,0,0,0,0,3,2
2563,0,0,0,0,2,0,0,0,2,5
2564,0,0,0,0,2,0,0,0,3,2
2565,0,0,0,0,4,0,0,0,6,2
2566,0,6,0,0,0,0,0,0,5,2
2567,4,0,0,0,2,0,0,0,2,0
2568,0,0,0,0,4,0,0,0,7,2
2569,0,0,0,0,0,0,0,0,3,4
2570,4,6,0,0,0,0,0,0,3,1
2571,0,5,0,0,0,0,0,0,3,0
2572,0,6,0,0,0,0,0,0,3,2
2573,0,6,0,0,0,0,0,0,3,0
2574,0,0,0,0,3,0,0,0,6,0
2575,0,6,0,0,5,0,0,0,3,4
2576,0,0,0,0,0,0,0,0,4,3
2577,0,6,0,0,0,0,0,0,1,6
2578,0,6,0,0,2,0,0,0,2,5
2579,0,6,0,0,0,0,0,0,6,1
2580,0,0,0,0,2,0,0,0,3,1
2581,0,0,0,0,5,0,0,0,6,0
2582,0,6,0,0,0,0,0,0,1,4
2583,0,0,0,0,0,0,0,0,3,4
2584,0,0,0,0,4,0,0,0,7,1
2585,0,0,0,0,4,0,0,0,6,3
2586,0,0,0,0,0,0,0,0,6,0
2587,0,6,0,4,4,0,0,0,7,0
2588,0,0,0,0,3,0,0,0,2,2
2589,0,0,0,0,2,0,0,0,3,5
2590,0,5,0,0,3,0,0,0,5,3
2591,0,6,0,0,4,0,0,0,3,3
2592,0,0,0,0,0,0,0,0,2,5
2593,0,0,0,0,3,0,0,0,2,2
2594,0,0,0,0,0,0,0,0,3,2
2595,0,0,0,0,3,0,0,0,3,4
2596,0,6,0,0,0,0,0,0,8,3
2597,0,6,0,0,4,0,0,0,5,1
2598,5,5,0,2,2,0,0,0,4,2
2599,0,5,0,0,0,0,0,0,1,2
2600,6,7,0,0,6,0,0,0,3,2
2601,0,0,0,0,3,0,0,0,6,2
2602,0,5,0,0,4,0,0,0,3,2
2603,0,0,0,4,4,0,0,0,7,1
2604,0,6,0,0,2,0,0,0,6,1
2605,0,6,0,0,6,1,0,0,3,1
2606,0,0,0,0,0,0,0,0,1,3
2607,0,0,0,0,0,0,0,0,1,4
2608,0,0,0,0,4,0,0,0,8,2
2609,0,6,0,0,0,0,0,0,4,3
2610,0,6,0,0,0,0,0,0,5,4
2611,0,0,0,0,4,0,0,0,3,2
2612,0,6,0,0,5,1,0,0,8,1
2613,0,0,0,0,0,0,0,0,3,3
2614,0,0,0,0,3,0,0,0,5,3
2615,0,0,0,0,2,0,0,0,1,4
2616,0,0,0,0,4,0,0,0,6,3
2617,0,0,0,0,0,0,0,0,6,2
2618,0,0,0,0,0,0,0,0,3,4
2619,0,0,0,0,2,0,0,0,6,2
2620,0,5,0,0,0,0,0,0,7,2
2621,0,6,0,0,4,0,1,0,7,2
2622,0,6,0,0,0,0,0,0,2,5
2623,0,6,0,0,2,0,0,0,4,2
2624,0,6,0,0,0,0,0,0,4,2
2625,0,6,0,0,4,0,0,0,3,1
2626,0,0,0,0,2,0,0,0,4,5
2627,0,6,0,0,0,0,0,0,3,3
2628,0,6,0,0,3,0,0,0,6,1
2629,0,0,0,0,0,0,0,0,4,2
2630,0,0,0,0,0,0,0,0,2,5
2631,0,0,0,0,4,0,0,0,4,3
2632,0,6,0,0,4,0,0,0,3,2
2633,0,6,0,0,0,0,0,0,4,3
2634,0,6,0,3,4,0,0,0,7,0
2635,0,5,0,0,0,0,0,0,6,2
2636,0,0,0,0,2,0,0,0,3,0
2637,0,6,0,0,3,0,0,0,3,0
2638,0,6,0,0,0,0,0,0,6,3
2639,0,6,0,0,2,0,0,0,5,3
2640,0,0,0,0,3,0,0,0,4,3
2641,0,6,0,0,0,0,0,0,6,0
2642,0,0,0,0,0,0,0,0,5,3
2643,0,6,0,0,0,0,0,0,5,3
2644,0,0,0,0,5,0,0,0,3,4
2645,0,0,0,0,0,0,0,0,3,0
2646,0,0,0,0,0,0,0,0,4,1
2647,0,6,0,0,0,0,0,0,2,4
2648,4,0,0,3,4,0,0,0,4,1
2649,0,6,0,0,0,0,0,0,1,2
2650,0,0,0,0,0,0,0,0,7,2
2651,0,6,0,0,4,0,0,0,5,3
2652,0,5,0,0,3,0,0,0,1,3
2653,0,6,0,0,3,0,0,0,6,4
2654,0,0,0,0,3,0,0,0,6,0
2655,0,0,0,0,2,0,0,0,3,1
2656,0,6,0,0,4,0,0,0,3,0
2657,0,0,0,0,0,0,0,0,7,1
2658,0,6,0,0,4,0,0,0,8,0
2659,0,6,0,0,3,0,0,0,5,4
2660,0,6,0,0,3,0,0,0,3,2
2661,0,0,0,4,0,0,0,0,5,1
2662,0,6,0,4,4,0,0,0,8,3
2663,0,5,0,0,3,0,0,0,4,4
2664,0,6,0,0,3,0,0,0,4,3
2665,0,0,0,0,0,0,0,0,2,3
2666,0,0,0,0,3,0,0,0,1,3
2667,0,6,0,0,4,0,0,0,7,0
2668,0,0,0,0,2,0,0,0,3,0
2669,0,0,0,0,0,0,0,0,3,2
2670,0,0,0,0,0,0,0,0,6,0
2671,0,0,0,0,2,0,0,0,3,5
2672,0,6,0,0,6,0,0,0,4,2
2673,0,6,0,0,3,0,0,0,4,0
2674,0,0,0,0,3,0,0,0,4,4
2675,0,0,0,0,0,0,0,0,6,0
2676,0,6,0,0,3,0,0,0,3,2
2677,0,6,0,0,0,0,0,0,2,2
2678,0,6,0,0,4,0,0,0,8,0
2679,0,6,0,0,0,0,0,0,2,3
2680,0,0,0,0,3,0,0,0,3,4
2681,0,6,0,0,4,0,0,0,4,3
2682,4,5,0,0,4,0,0,0,8,1
2683,0,6,0,0,3,0,0,0,1,2
2684,0,0,0,0,0,0,0,0,6,1
2685,0,6,0,0,2,0,0,0,2,1
2686,0,0,0,0,2,0,0,0,3,2
2687,0,5,0,0,2,0,0,0,2,3
2688,0,0,0,0,2,0,0,0,2,4
2689,0,0,0,0,5,0,0,0,4,3
2690,0,6,0,0,0,0,0,0,6,2
2691,0,6,0,0,2,0,0,0,3,0
2692,0,6,0,5,0,0,0,0,3,0
2693,0,0,0,0,0,0,0,0,1,2
2694,0,6,0,0,2,0,0,0,6,1
2695,0,0,0,0,0,0,0,0,1,3
2696,0,6,0,0,3,0,0,0,3,4
2697,0,6,0,0,4,0,0,0,3,0
2698,0,0,0,0,0,0,0,0,7,2
2699,0,6,0,0,2,0,0,0,3,0
2700,0,0,0,0,2,0,0,0,4,7
2701,0,0,0,4,3,0,0,0,5,3
2702,0,0,0,0,0,0,0,0,6,2
2703,0,6,0,0,3,0,0,0,6,0
2704,0,0,0,0,4,0,0,0,3,0
2705,0,6,0,0,0,0,0,0,6,2
2706,0,6,0,0,4,0,0,0,6,0
2707,0,0,0,0,0,0,0,0,2,9
2708,0,0,0,0,0,0,0,0,4,2
2709,0,5,0,0,0,0,0,0,3,4
2710,6,6,0,4,4,0,0,0,7,3
2711,0,0,0,0,0,0,0,0,3,1
2712,0,6,0,0,4,0,0,0,1,3
2713,0,6,0,0,4,0,0,0,5,3
2714,0,6,0,0,0,0,0,0,7,2
2715,0,6,0,0,6,1,0,0,4,2
2716,0,0,0,0,5,0,0,0,3,0
2717,0,6,0,0,4,0,0,0,8,0
2718,0,6,0,0,4,0,0,0,2,3
2719,0,0,0,0,3,0,0,0,6,1
2720,0,0,0,0,0,0,0,0,5,3
2721,0,0,0,0,0,0,0,0,2,4
2722,0,0,0,0,0,0,0,0,7,1
2723,0,5,0,0,1,0,0,0,5,3
2724,0,0,0,0,4,0,0,0,8,4
2725,0,0,0,0,3,0,0,0,3,1
2726,0,0,0,0,4,0,0,0,6,4
2727,0,6,0,0,4,0,0,0,3,4
2728,0,0,0,0,2,0,0,0,3,1
2729,0,0,0,0,0,0,0,0,3,3
2730,0,6,0,0,0,0,0,0,2,2
2731,0,0,0,0,4,0,0,0,6,0
2732,0,6,0,0,0,0,0,0,3,4
2733,0,6,0,0,3,0,0,0,5,4
2734,0,0,0,0,0,0,0,0,5,3
2735,0,0,0,0,3,0,0,0,3,4
2736,0,5,0,0,3,0,0,0,1,0
2737,0,6,0,0,4,0,0,0,4,1
2738,0,6,0,0,0,0,0,0,4,2
2739,5,0,0,0,0,0,0,0,6,0
2740,0,0,0,0,0,0,0,0,1,2
2741,0,0,0,0,0,0,0,0,8,1
2742,0,0,0,0,0,0,0,0,5,3
2743,0,5,0,0,4,0,0,0,4,2
2744,0,0,0,0,3,0,0,0,3,5
2745,0,6,0,0,3,0,0,0,1,2
2746,0,5,0,0,3,0,0,0,3,1
2747,0,0,0,0,0,0,0,0,1,6
2748,0,6,0,0,4,0,0,0,8,1
2749,0,0,0,4,4,0,0,0,6,1
2750,0,0,0,0,0,0,0,0,1,2
2751,0,6,0,0,0,0,0,0,6,3
2752,0,0,0,0,3,0,0,0,1,3
2753,0,6,0,0,6,0,0,0,3,1
2754,0,0,0,0,4,0,0,0,4,3
2755,0,0,0,0,3,0,0,0,1,2
2756,0,0,0,0,3,0,0,0,3,2
2757,0,0,0,0,0,0,0,0,6,4
2758,0,6,0,0,0,0,0,0,6,3
2759,0,0,0,0,4,0,0,0,7,2
2760,0,6,0,0,0,0,0,0,6,3
2761,0,6,0,0,4,0,0,0,4,0
2762,0,0,0,4,2,0,0,0,1,2
2763,0,0,0,0,0,0,0,0,4,2
2764,0,6,0,0,0,0,0,0,3,2
2765,0,0,0,0,5,0,0,0,3,2
2766,0,5,0,0,0,0,0,0,5,1
2767,0,6,0,0,4,0,0,0,4,3
2768,0,6,0,0,0,0,0,0,4,2
2769,0,0,0,0,3,0,0,0,4,2
2770,0,6,0,0,0,0,0,0,8,1
2771,0,0,0,0,3,0,0,0,6,1
2772,0,5,0,0,0,0,0,0,1,2
2773,6,0,0,0,0,0,0,0,7,2
2774,0,6,0,0,5,0,0,1,3,0
2775,0,5,0,0,0,0,0,0,3,5
2776,0,0,0,0,6,0,0,0,4,5
2777,0,6,0,0,0,0,0,0,5,4
2778,0,6,0,0,0,0,0,0,3,4
2779,6,7,0,0,0,0,0,0,3,4
2780,0,0,0,0,6,0,0,0,4,0
2781,0,6,0,0,6,1,0,0,4,5
2782,0,0,0,0,2,0,0,0,1,2
2783,0,6,0,0,0,0,0,0,2,5
2784,0,0,0,0,0,0,0,0,2,4
2785,0,6,0,0,4,0,0,0,4,1
2786,3,0,0,6,4,0,0,0,5,4
2787,0,0,0,0,0,0,0,0,3,2
2788,0,6,0,0,3,0,0,0,3,3
2789,0,5,0,0,4,1,0,0,4,2
2790,0,0,0,0,1,0,0,0,3,2
2791,0,0,0,0,3,0,0,0,5,3
2792,0,6,0,3,3,0,0,0,3,4
2793,0,5,0,0,0,0,0,0,2,5
2794,0,0,0,0,0,0,0,0,4,3
2795,0,0,0,0,3,0,0,0,3,0
2796,0,0,0,0,0,0,0,0,1,2
2797,0,6,0,5,3,0,0,0,6,4
2798,0,6,0,0,4,0,0,0,7,0
2799,0,0,0,0,0,0,0,0,2,6
2800,0,6,0,0,0,0,0,0,6,2
2801,0,0,0,0,4,0,0,0,4,0
2802,0,6,0,0,4,0,0,0,8,3
2803,0,6,0,0,3,0,0,0,4,2
2804,0,6,0,0,0,0,0,0,6,1
2805,0,0,0,0,5,0,0,0,8,3
2806,0,0,0,0,3,0,0,0,1,9
2807,0,0,0,0,0,0,0,0,3,0
2808,0,6,0,0,2,0,0,0,1,1
2809,0,0,0,0,3,0,0,0,5,4
2810,0,0,0,0,4,0,0,0,3,2
2811,0,0,0,0,3,0,0,0,4,1
2812,0,6,0,0,4,0,0,0,2,2
2813,0,6,0,0,0,0,0,0,3,3
2814,0,0,0,0,4,0,0,0,6,3
2815,0,5,0,2,4,0,0,0,6,2
2816,0,0,0,0,4,0,0,0,3,2
2817,0,0,0,0,1,0,0,0,5,5
2818,0,0,0,0,0,0,0,0,8,1
2819,0,6,0,0,0,0,0,0,3,2
2820,0,5,0,0,2,0,0,0,6,3
2821,0,0,0,0,4,0,0,0,5,3
2822,0,0,0,0,3,0,0,0,6,1
2823,0,6,0,0,0,0,0,0,6,2
2824,0,0,0,0,3,0,0,0,1,3
2825,0,0,0,0,0,0,0,0,4,0
2826,0,6,0,4,2,0,0,0,6,1
2827,0,6,0,0,4,0,0,0,7,2
2828,0,0,0,0,2,0,0,0,4,5
2829,0,6,0,0,5,0,0,0,6,2
2830,0,0,0,0,4,0,0,0,7,1
2831,0,0,0,0,3,0,0,0,7,2
2832,0,0,0,0,0,0,0,0,2,0
2833,0,6,0,0,4,1,0,0,3,5
2834,0,0,0,0,0,0,0,0,8,1
2835,4,6,0,0,4,0,0,0,4,4
2836,0,0,0,0,2,0,0,0,4,2
2837,0,0,0,0,0,0,0,0,5,0
2838,0,6,0,0,4,0,0,0,3,3
2839,0,6,0,0,1,0,0,0,3,3
2840,0,0,0,0,0,0,0,0,6,0
2841,0,0,0,0,0,0,0,0,4,2
2842,0,0,0,0,5,0,0,0,5,3
2843,0,6,0,0,4,0,0,0,7,0
2844,0,6,0,0,0,0,0,0,1,2
2845,4,6,0,0,3,0,0,0,4,4
2846,0,6,0,0,0,0,0,0,8,0
2847,0,0,0,0,0,0,0,0,8,7
2848,0,0,0,4,0,0,0,0,6,2
2849,0,6,1,0,0,0,0,0,3,2
2850,0,0,0,0,0,0,0,0,8,1
2851,0,6,0,0,0,0,0,0,3,2
2852,0,0,0,0,0,0,0,0,3,5
2853,0,6,0,0,4,0,0,0,3,2
2854,4,6,0,1,3,0,0,0,6,2
2855,0,0,0,0,4,0,0,0,6,2
2856,0,6,0,0,0,0,0,0,5,0
2857,0,6,0,4,4,0,0,0,4,2
2858,0,0,0,0,3,0,0,0,6,2
2859,0,5,0,0,0,0,0,0,5,3
2860,0,6,0,0,0,0,0,0,4,2
2861,0,0,0,0,0,0,0,0,3,2
2862,5,6,0,6,4,0,2,0,5,4
2863,0,6,0,0,2,0,0,0,4,1
2864,0,6,0,4,4,0,0,0,5,0
2865,0,6,0,5,4,0,0,0,8,2
2866,0,0,0,0,4,0,0,0,4,2
2867,0,6,0,0,3,0,0,0,3,4
2868,0,0,0,0,3,0,0,0,6,0
2869,0,6,0,0,3,0,0,0,3,1
2870,0,0,0,0,4,0,0,0,6,1
2871,0,6,0,0,4,0,0,0,7,0
2872,0,0,0,0,6,0,0,0,4,3
2873,0,0,0,0,0,0,0,0,1,5
2874,0,6,2,0,3,0,0,0,6,1
2875,0,0,0,0,4,0,0,0,3,1
2876,0,6,0,0,0,0,0,0,2,4
2877,0,6,0,0,5,0,0,0,3,3
2878,0,0,0,0,4,0,0,0,3,0
2879,6,5,0,0,0,0,0,0,5,2
2880,0,0,0,0,0,0,0,0,8,1
2881,0,0,0,0,0,0,0,0,3,3
2882,0,5,0,0,5,1,0,0,4,1
2883,0,6,0,0,0,0,0,0,6,2
2884,0,0,0,0,0,0,0,0,1,4
2885,0,0,0,0,0,0,0,0,1,4
2886,0,5,0,0,4,1,0,0,4,4
2887,0,0,0,0,0,0,0,0,5,4
2888,0,0,0,0,3,0,0,0,3,2
2889,0,5,0,0,3,0,0,0,4,3
2890,0,6,0,3,4,0,0,0,4,4
2891,0,6,0,0,6,0,0,0,5,3
2892,0,6,0,0,0,0,0,0,2,1
2893,0,6,0,0,3,0,0,0,6,3
2894,0,0,0,0,0,0,0,0,3,2
2895,0,6,0,0,4,0,0,0,4,0
2896,0,6,0,0,4,0,0,0,6,2
2897,0,6,0,0,4,0,0,0,3,1
2898,0,0,0,0,2,0,0,0,3,2
2899,0,6,0,0,4,0,0,0,3,0
2900,0,0,0,0,1,0,0,0,1,2
2901,0,6,0,0,0,0,0,0,4,6
2902,0,6,0,0,3,0,0,0,8,2
2903,0,0,0,0,0,0,0,0,6,1
2904,0,0,0,0,1,0,0,0,4,3
2905,0,0,0,0,3,0,0,0,4,3
2906,0,6,0,0,4,0,0,0,6,4
2907,0,6,0,0,0,0,0,0,3,3
2908,0,0,0,0,0,0,0,0,1,2
2909,0,6,0,0,0,0,0,0,8,2
2910,0,5,0,0,0,0,0,0,2,3
2911,0,6,0,3,2,0,0,0,4,1
2912,0,5,0,0,0,0,0,0,3,1
2913,0,5,0,0,0,0,0,0,6,0
2914,0,0,0,5,0,0,0,0,6,5
2915,0,6,0,0,2,0,0,0,1,4
2916,0,6,0,0,1,0,0,0,2,3
2917,0,0,0,0,0,0,0,0,7,2
2918,0,6,0,0,4,0,0,0,6,0
2919,4,0,0,0,0,0,0,0,7,1
2920,0,0,0,0,0,0,0,0,3,3
2921,0,0,0,0,4,0,0,0,7,0
2922,0,0,0,0,0,0,0,0,4,2
2923,0,5,0,0,3,0,0,0,4,5
2924,0,0,0,0,0,0,0,0,6,2
2925,0,0,0,0,0,0,0,0,2,4
2926,0,5,0,0,0,0,0,0,1,2
2927,0,0,0,0,0,0,0,0,6,1
2928,0,0,0,0,3,0,0,0,3,0
2929,0,6,0,0,4,0,0,0,7,1
2930,0,0,0,0,0,0,0,0,7,0
2931,0,5,0,0,0,0,0,0,4,2
2932,0,6,0,0,0,0,0,0,3,2
2933,0,0,0,0,0,0,0,0,8,0
2934,0,6,0,0,3,0,0,0,4,2
2935,0,0,0,0,0,0,0,0,3,4
2936,0,0,0,0,0,0,0,0,6,1
2937,0,6,0,0,2,0,0,0,4,4
2938,0,6,0,0,0,0,0,0,4,2
2939,0,6,0,0,0,0,0,0,3,2
2940,0,5,0,0,0,0,0,0,8,1
2941,0,6,0,0,3,0,0,0,3,5
2942,0,6,0,0,0,0,0,0,3,1
2943,0,0,0,0,2,0,0,0,3,0
2944,0,6,0,0,3,0,0,0,6,0
2945,0,0,0,0,4,0,0,0,2,3
2946,0,0,0,0,3,0,0,0,1,3
2947,0,0,0,0,6,0,0,1,3,5
2948,6,0,0,0,3,0,0,0,1,2
2949,0,6,0,0,0,0,0,0,5,2
2950,0,0,0,0,0,0,0,0,2,5
2951,0,6,0,0,0,0,0,0,4,3
2952,0,6,0,0,2,0,0,0,4,4
2953,0,6,0,0,0,0,0,0,6,0
2954,0,0,0,0,3,0,0,0,1,2
2955,0,6,0,0,4,0,0,0,7,3
2956,0,5,0,0,0,0,0,0,4,4
2957,0,0,0,0,3,0,0,0,5,3
2958,0,0,0,0,0,0,0,0,3,3
2959,0,0,0,0,6,0,0,0,3,3
2960,0,0,0,0,3,0,0,0,4,4
2961,0,6,0,0,5,0,0,0,7,3
2962,0,6,0,0,0,0,0,0,3,0
2963,0,0,0,4,0,0,0,0,4,3
2964,0,0,0,0,0,0,0,0,5,4
2965,0,0,0,0,2,0,0,0,4,4
2966,0,0,0,0,4,0,0,0,3,0
2967,0,0,0,0,0,0,0,0,5,3
2968,0,6,0,0,3,0,0,0,2,1
2969,0,0,0,0,0,1,0,0,3,3
2970,0,0,0,0,0,0,0,0,5,1
2971,0,0,0,3,0,0,0,0,3,1
2972,0,6,0,0,0,0,0,0,5,1
2973,0,6,0,0,4,0,0,0,2,8
2974,0,0,0,0,0,0,0,0,2,0
2975,5,6,0,0,0,0,0,0,2,4
2976,0,0,0,0,2,0,0,0,1,2
2977,0,0,0,0,2,0,0,0,1,2
2978,0,0,0,0,2,0,0,0,3,2
2979,0,6,0,0,0,0,0,0,6,0
2980,0,6,0,0,0,0,0,0,3,4
2981,0,6,0,0,3,0,0,0,7,0
2982,0,0,0,3,0,0,0,0,6,2
2983,0,0,0,0,0,0,0,0,6,1
2984,0,0,0,0,0,0,0,0,1,3
2985,0,6,0,0,4,0,0,0,6,3
2986,0,5,0,0,0,0,0,0,1,2
2987,0,6,0,0,0,0,0,0,5,3
2988,0,6,0,0,0,0,0,0,6,2
2989,0,7,2,0,0,0,0,1,3,1
2990,0,6,0,0,0,0,0,0,1,2
2991,0,6,0,0,4,0,0,0,1,3
2992,0,5,0,0,0,0,0,0,2,3
2993,0,5,0,0,4,0,0,0,5,4
2994,0,6,0,0,1,0,0,0,6,5
2995,0,0,0,0,0,0,0,0,8,6
2996,0,0,0,0,0,0,0,0,6,0
2997,0,0,0,0,4,0,0,0,6,1
2998,0,0,0,0,0,0,0,0,4,1
2999,5,5,0,0,4,0,0,0,7,2
3000,0,6,2,0,6,0,0,0,7,2
3001,0,6,0,0,2,0,0,0,1,2
3002,0,0,0,0,0,0,0,0,5,3
3003,0,0,0,0,0,0,0,0,5,1
3004,0,6,0,0,2,0,0,1,3,2
3005,0,0,0,0,4,0,0,0,6,4
3006,0,6,0,0,2,0,0,0,3,4
3007,0,6,0,4,4,0,0,0,8,1
3008,0,0,0,0,0,0,0,0,4,4
3009,0,6,0,0,6,1,0,0,4,5
3010,0,6,0,0,0,0,0,0,6,1
3011,0,0,0,0,2,0,0,0,1,3
3012,0,6,0,5,4,0,0,0,8,0
3013,0,5,0,0,3,0,0,0,3,3
3014,0,0,0,0,2,0,0,0,5,1
3015,0,6,0,0,4,0,0,0,5,3
3016,0,6,0,0,3,0,0,0,3,2
3017,0,6,0,0,6,1,0,0,3,3
3018,0,6,0,0,4,0,0,0,6,0
3019,0,6,0,0,0,0,0,0,1,0
3020,0,0,0,0,4,0,0,0,7,1
3021,0,0,0,0,0,0,0,0,4,1
3022,0,0,0,0,5,0,0,0,6,0
3023,0,0,0,0,0,0,0,0,8,1
3024,0,0,0,0,0,0,0,0,3,2
3025,0,6,0,0,4,0,0,0,6,2
3026,4,0,0,0,0,0,0,0,6,1
3027,0,0,0,0,3,0,0,0,4,4
3028,0,6,0,0,4,0,0,0,5,1
3029,0,6,0,0,0,0,0,0,7,2
3030,0,6,0,0,0,0,0,0,5,5
3031,0,0,0,0,4,0,0,0,5,3
3032,0,0,0,0,0,0,0,0,3,0
3033,0,6,0,0,3,0,0,0,1,6
3034,0,6,0,0,0,0,0,0,8,6
3035,0,6,0,0,0,0,0,0,6,0
3036,0,0,0,0,3,0,0,0,1,0
3037,0,0,0,0,2,0,0,1,5,5
3038,0,0,0,0,0,0,0,0,6,5
3039,0,6,0,0,0,0,0,0,4,3
3040,0,6,0,0,4,0,0,0,3,3
3041,0,0,0,0,0,0,0,0,5,0
3042,0,0,0,0,0,0,0,0,2,3
3043,0,6,0,0,0,0,0,0,2,5
3044,0,0,0,0,0,0,0,0,2,0
3045,0,0,0,0,1,0,0,0,3,3
3046,0,0,0,0,5,0,0,0,3,2
3047,0,0,0,0,4,0,0,0,8,6
3048,0,0,0,0,0,0,0,0,3,5
3049,0,0,0,0,4,0,0,0,5,2
3050,0,5,0,0,0,0,0,0,6,1
3051,0,0,0,0,0,0,0,0,3,0
3052,0,6,0,0,0,0,0,0,1,3
3053,0,6,0,0,0,0,0,0,1,3
3054,0,0,0,0,0,0,0,0,3,3
3055,0,6,0,0,5,0,0,0,3,2
3056,0,6,0,0,0,0,0,0,8,0
3057,0,5,0,0,0,0,0,0,3,1
3058,0,0,0,0,3,0,0,0,6,1
3059,0,6,0,0,0,0,0,0,4,1
3060,0,6,0,0,0,0,0,0,5,5
3061,0,6,0,0,3,0,0,0,2,3
3062,0,5,0,0,0,0,0,0,6,3
3063,0,0,0,0,0,0,0,0,2,4
3064,0,0,0,0,0,0,0,0,3,3
3065,4,0,0,0,0,0,0,0,3,2
3066,0,0,0,0,0,0,0,0,3,2
3067,0,0,0,3,0,0,0,0,3,1
3068,0,6,0,0,3,0,0,0,7,2
3069,0,6,0,0,0,0,0,0,6,1
3070,0,0,0,0,3,0,0,0,3,6
3071,0,5,0,0,0,1,0,0,5,3
3072,0,0,0,0,0,0,0,0,2,3
3073,0,0,0,0,0,0,0,0,8,0
3074,0,0,0,0,0,0,0,0,4,0
3075,0,0,0,0,4,0,0,0,3,3
3076,0,6,0,0,5,0,0,0,8,0
3077,0,0,0,0,0,0,0,0,3,3
3078,0,5,0,3,4,0,0,0,6,2
3079,0,6,0,0,0,0,0,0,3,0
3080,0,6,0,0,0,0,0,0,8,1
3081,0,0,0,0,0,0,0,0,2,1
3082,0,5,0,0,0,0,0,0,6,0
3083,0,6,0,0,4,0,0,0,8,1
3084,0,0,0,0,0,0,0,0,3,1
3085,0,0,0,0,4,0,0,0,7,2
3086,0,6,0,0,0,0,0,0,4,1
3087,0,6,0,0,4,0,0,0,5,1
3088,0,5,0,0,4,0,0,0,3,4
3089,0,6,0,0,0,0,0,0,3,3
3090,0,0,0,0,4,0,0,0,6,0
3091,0,0,0,0,3,0,0,0,5,3
3092,0,6,0,0,4,0,0,0,7,1
3093,0,6,0,0,2,0,0,0,6,1
3094,0,5,0,0,1,0,0,0,2,3
3095,0,5,0,0,3,0,0,0,7,2
3096,4,5,0,6,0,0,0,0,6,1
3097,0,0,0,0,2,0,0,0,7,2
3098,0,6,0,0,4,0,0,0,6,2
3099,0,6,0,0,2,0,0,0,2,4
3100,0,6,0,0,0,0,0,0,4,0
3101,0,0,0,0,3,0,0,0,1,2
3102,0,0,0,0,3,0,0,0,6,0
3103,0,0,0,0,0,0,0,0,7,1
3104,0,0,0,0,4,0,0,0,6,0
3105,0,5,0,0,0,0,0,0,1,1
3106,0,0,0,0,4,0,0,0,4,3
3107,0,0,0,0,4,0,0,0,5,2
3108,0,6,0,0,0,0,0,0,4,5
3109,6,0,0,0,0,0,0,0,4,4
3110,0,6,0,0,3,0,0,0,5,3
3111,0,6,0,0,4,1,0,0,6,2
3112,0,0,0,0,0,0,0,0,3,4
3113,0,6,0,0,0,0,0,0,4,4
3114,0,0,0,0,4,0,0,0,8,0
3115,0,0,0,0,4,0,0,0,1,2
3116,0,0,0,0,4,0,0,0,6,2
3117,0,0,0,0,2,0,0,0,3,5
3118,0,6,0,0,2,0,0,0,2,6
3119,0,5,0,0,4,0,0,0,3,0
3120,0,5,0,0,4,0,0,0,8,3
3121,0,5,0,4,4,0,0,0,6,4
3122,0,0,0,0,3,0,0,0,3,3
3123,0,0,0,0,0,0,0,0,3,2
3124,4,6,0,0,4,0,0,0,5,1
3125,0,6,0,0,0,0,0,0,8,3
3126,0,5,0,0,0,0,0,0,4,5
3127,0,0,0,0,0,0,0,0,2,0
3128,0,6,0,0,0,0,0,0,3,4
3129,0,0,0,0,0,0,0,0,4,2
3130,0,0,0,0,0,0,0,0,8,2
3131,0,6,0,4,3,0,0,0,4,2
3132,0,0,0,0,2,0,0,0,3,5
3133,0,0,0,0,4,0,0,0,5,2
3134,0,6,0,0,0,0,0,0,4,2
3135,0,0,0,5,4,0,0,0,4,2
3136,0,6,0,0,4,0,0,0,3,6
3137,0,6,0,0,0,0,0,0,2,3
3138,0,6,0,0,4,0,2,0,3,2
3139,0,0,0,0,0,0,0,0,4,4
3140,0,5,0,0,4,0,0,0,5,3
3141,0,5,0,0,3,0,0,0,4,1
3142,0,0,0,0,0,0,0,0,1,4
3143,0,5,0,0,0,0,0,0,8,0
3144,0,5,0,0,2,0,0,0,6,1
3145,0,0,0,0,0,0,0,0,6,1
3146,0,6,0,0,0,0,0,0,4,4
3147,0,6,0,0,0,0,0,0,8,0
3148,0,5,0,0,6,0,0,0,5,3
3149,0,0,0,0,3,0,0,0,2,2
3150,0,6,0,0,4,0,0,0,6,2
3151,0,5,0,0,0,0,0,0,7,0
3152,4,6,3,0,0,0,0,0,3,3
3153,0,6,0,0,4,0,0,0,6,2
3154,0,5,0,0,3,0,0,0,1,2
3155,0,0,0,0,4,0,0,0,3,2
3156,5,6,0,0,0,0,0,0,3,1
3157,0,0,0,0,0,0,0,0,3,0
3158,0,0,0,0,5,0,0,0,4,4
3159,0,0,0,0,2,0,0,0,5,3
3160,0,0,0,0,0,0,0,0,6,2
3161,0,5,0,0,0,0,0,0,3,1
3162,0,6,0,0,0,0,0,0,8,2
3163,0,0,0,0,5,0,0,0,4,1
3164,0,0,0,0,4,0,0,0,2,4
3165,0,0,0,0,5,0,0,1,3,1
3166,0,0,2,0,0,0,0,0,5,3
3167,0,5,0,0,0,0,0,0,3,4
3168,0,6,0,0,5,0,0,0,1,4
3169,0,4,0,0,0,0,0,0,3,1
3170,0,0,0,0,1,0,0,0,2,5
3171,0,0,0,0,0,0,0,0,4,2
3172,0,0,0,0,0,0,0,0,6,4
3173,0,5,0,0,3,0,0,0,3,1
3174,0,0,0,0,3,0,0,0,6,2
3175,0,0,0,0,0,0,0,0,8,1
3176,0,0,0,0,1,0,0,0,6,0
3177,0,0,0,0,0,0,0,0,3,2
3178,0,6,0,0,0,0,0,0,3,1
3179,0,5,0,0,0,0,0,0,6,0
3180,0,6,0,0,2,0,0,0,3,1
3181,0,6,0,0,0,0,0,0,6,2
3182,0,6,0,0,0,0,0,0,3,5
3183,0,5,0,0,0,0,0,0,5,4
3184,0,0,0,0,0,0,0,0,6,0
3185,0,6,0,0,4,0,0,0,3,3
3186,0,6,0,0,0,0,0,0,3,2
3187,0,0,0,0,0,0,0,0,6,3
3188,0,6,0,0,3,0,0,0,2,4
3189,0,6,0,0,0,0,0,0,7,2
3190,0,5,0,0,0,0,0,0,5,3
3191,5,6,2,0,4,0,0,0,4,0
3192,0,6,0,0,3,0,0,0,3,2
3193,0,6,0,0,4,0,0,0,6,3
3194,0,0,0,0,0,0,0,0,3,2
3195,0,0,0,0,3,0,0,0,8,0
3196,0,0,0,0,4,0,0,0,3,2
3197,0,6,0,0,6,0,0,0,3,0
3198,0,6,0,4,4,0,0,0,6,0
3199,0,0,0,0,2,0,0,0,1,3
3200,0,6,2,0,6,1,0,0,4,0
3201,0,0,0,0,4,0,0,0,7,0
3202,0,0,0,0,0,0,0,0,6,5
3203,0,6,0,0,0,0,0,0,8,1
3204,0,0,0,0,1,0,0,0,1,2
3205,0,5,0,0,3,0,0,0,6,4
3206,0,6,0,0,3,0,0,0,4,1
3207,0,6,0,0,2,0,0,0,3,2
3208,0,0,0,0,0,0,0,0,5,2
3209,5,6,0,0,0,0,0,0,4,1
3210,0,0,0,0,2,0,0,0,3,0
3211,0,5,0,0,0,0,0,0,6,1
3212,0,0,0,0,4,0,0,0,1,3
3213,0,0,0,0,3,0,0,0,6,3
3214,0,5,0,0,2,0,0,0,2,5
3215,0,0,0,0,4,0,0,0,3,0
3216,0,6,0,0,0,0,0,0,4,3
3217,0,6,0,0,0,0,0,0,3,3
3218,0,6,0,0,0,0,0,0,2,4
3219,0,6,0,0,3,0,0,0,4,3
3220,0,6,0,0,3,0,0,0,5,0
3221,0,0,0,0,4,0,0,0,8,1
3222,0,0,0,0,4,0,0,0,7,3
3223,0,6,0,0,0,0,0,0,4,7
3224,0,0,0,0,6,0,0,0,2,2
3225,0,0,0,0,2,0,0,0,3,4
3226,0,6,0,0,0,0,0,0,1,4
3227,0,0,0,0,4,0,0,1,3,2
3228,0,6,0,0,3,0,0,0,5,4
3229,0,0,0,0,3,0,0,0,7,1
3230,0,6,0,0,0,0,0,0,8,0
3231,0,5,0,3,3,0,0,0,4,2
3232,4,6,0,0,2,0,0,0,5,2
3233,0,6,0,4,4,0,0,0,4,2
3234,0,0,0,0,0,0,0,0,1,0
3235,0,6,0,0,0,0,0,0,3,0
3236,0,0,0,0,0,0,0,0,3,4
3237,0,0,0,0,0,0,0,0,2,2
3238,0,0,0,0,4,0,0,0,4,3
3239,0,6,0,0,4,0,0,0,6,2
3240,0,0,0,0,3,0,0,0,6,2
3241,0,6,0,0,0,0,0,0,3,4
3242,0,0,0,0,3,0,0,0,1,2
3243,0,6,0,0,0,0,0,0,3,1
3244,0,0,0,0,4,0,0,0,3,4
3245,0,6,0,0,0,0,0,0,2,4
3246,0,0,0,0,3,0,0,0,1,3
3247,0,6,0,0,2,0,0,0,3,4
3248,0,5,0,0,0,0,0,0,2,3
3249,0,0,0,0,4,0,1,0,4,0
3250,0,0,0,0,0,0,0,0,5,1
3251,0,0,0,0,0,0,0,0,4,2
3252,0,0,0,0,0,0,0,0,1,3
3253,0,6,0,0,3,0,0,0,6,2
3254,0,6,0,0,0,0,0,0,4,3
3255,0,0,0,0,4,0,0,0,2,5
3256,0,0,0,0,0,0,0,0,4,6
3257,0,0,0,4,2,0,0,0,2,3
3258,0,0,0,0,0,0,0,0,6,2
3259,0,6,0,0,3,0,0,0,6,2
3260,0,0,0,0,0,0,0,0,4,2
3261,5,6,0,0,3,0,0,0,5,3
3262,0,0,0,0,2,0,0,0,2,7
3263,0,6,0,0,3,0,0,0,6,2
3264,0,6,0,0,2,0,0,0,6,2
3265,0,6,0,0,2,0,0,0,3,7
3266,0,6,0,0,4,0,0,0,8,2
3267,0,5,0,0,2,0,0,0,1,5
3268,0,0,0,0,1,0,0,0,3,0
3269,0,0,0,0,3,0,0,0,1,4
3270,0,0,0,0,4,0,0,0,3,3
3271,0,0,0,0,1,0,0,0,3,2
3272,0,6,0,0,2,0,0,0,3,0
3273,0,0,0,0,2,0,0,0,4,4
3274,0,0,0,0,0,0,0,0,3,1
3275,0,5,0,0,0,0,0,0,4,4
3276,0,6,0,0,0,0,0,0,3,2
3277,0,0,0,0,2,0,0,0,3,5
3278,0,0,0,0,2,0,0,0,1,3
3279,0,0,0,0,4,0,0,0,4,2
3280,0,6,0,0,6,0,0,0,3,2
3281,0,6,0,0,3,0,0,0,8,1
3282,0,0,0,0,0,0,0,0,3,3
3283,0,6,0,0,4,0,0,0,6,2
3284,0,0,0,0,5,0,0,0,8,3
3285,0,5,0,0,0,0,0,0,2,3
3286,0,0,0,0,4,0,0,0,6,3
3287,0,0,0,0,4,0,0,0,4,1
3288,0,5,0,0,0,0,0,0,3,2
3289,0,0,0,0,3,0,0,0,6,2
3290,0,0,0,0,0,0,0,0,3,3
3291,0,6,0,0,3,0,0,0,3,7
3292,0,0,0,0,0,0,0,0,2,3
3293,0,6,0,0,3,0,0,0,6,0
3294,0,6,0,0,2,0,0,0,2,4
3295,0,0,0,0,0,0,0,0,6,0
3296,0,6,0,0,4,0,0,0,6,2
3297,0,6,0,0,1,0,0,0,4,1
3298,0,0,0,0,3,0,0,0,3,2
3299,0,0,0,0,2,0,0,0,3,0
3300,0,0,0,0,0,0,0,0,6,0
3301,0,6,0,0,4,0,0,0,5,2
3302,0,0,0,0,0,0,0,0,1,2
3303,0,6,0,0,4,0,0,0,6,0
3304,0,6,0,0,4,0,0,0,3,4
3305,0,0,0,0,2,1,0,0,1,8
3306,0,0,0,0,0,0,0,0,7,2
3307,0,6,0,0,0,0,0,0,4,1
3308,0,0,0,0,0,0,0,0,2,2
3309,0,0,0,0,2,0,0,0,4,1
3310,0,0,0,0,0,0,0,0,3,0
3311,0,4,0,0,0,0,0,0,4,2
3312,0,0,0,4,0,0,0,0,6,2
3313,0,0,0,0,2,0,0,0,2,4
3314,0,0,0,0,0,0,0,0,1,6
3315,0,6,0,0,0,0,0,0,6,3
3316,0,6,0,0,0,0,0,0,3,4
3317,0,6,0,0,0,0,0,0,3,0
3318,0,0,0,0,4,0,0,0,3,3
3319,0,0,0,0,2,0,0,0,4,5
3320,0,6,0,0,3,0,0,0,3,0
3321,0,0,0,0,4,0,0,0,6,2
3322,0,6,0,0,3,0,0,0,1,5
3323,0,0,0,0,3,0,0,0,6,0
3324,0,6,0,0,3,0,0,0,4,2
3325,0,0,0,0,0,0,0,0,4,2
3326,0,0,0,0,4,0,0,0,1,5
3327,0,6,0,0,0,0,0,0,4,5
3328,0,6,0,0,3,0,0,0,2,2
3329,4,6,0,0,4,0,0,0,3,2
3330,0,6,0,0,0,0,0,0,5,3
3331,0,6,0,0,0,0,0,0,1,6
3332,0,0,0,0,3,0,0,0,1,4
3333,0,6,0,0,5,1,0,0,5,2
3334,0,5,0,0,0,0,0,0,7,1
3335,0,6,0,0,0,0,0,0,2,4
3336,0,6,0,5,4,0,0,0,5,0
3337,0,6,0,0,2,0,0,0,3,1
3338,0,0,0,0,3,0,0,0,2,3
3339,0,0,0,0,4,0,0,0,4,2
3340,0,6,0,0,0,0,0,0,4,0
3341,0,6,0,0,0,0,0,0,2,9
3342,0,0,0,0,6,1,0,0,3,4
3343,0,5,0,0,0,0,0,0,5,2
3344,0,0,0,0,6,0,0,0,4,4
3345,0,6,0,0,0,0,0,0,5,0
3346,0,6,0,0,0,0,0,0,8,1
3347,0,6,0,0,4,0,0,0,7,1
3348,0,0,0,0,3,0,0,0,2,1
3349,0,0,1,0,4,0,0,0,6,0
3350,0,5,0,0,0,0,0,0,2,0
3351,0,6,0,0,2,0,0,0,4,4
3352,0,6,0,0,0,0,0,0,8,0
3353,0,6,0,0,3,0,0,0,5,5
3354,0,6,0,0,5,0,0,0,8,0
3355,0,7,0,0,0,0,0,0,3,2
3356,0,6,0,0,4,0,0,0,3,0
3357,0,0,0,0,2,0,0,0,2,4
3358,0,6,0,0,0,0,0,0,6,2
3359,0,6,0,0,0,0,0,0,5,2
3360,0,6,0,0,0,0,0,0,4,4
3361,0,5,0,0,3,0,0,0,7,4
3362,0,6,0,0,0,0,0,0,7,1
3363,0,0,0,0,0,0,0,0,1,0
3364,0,6,0,0,3,0,0,0,2,3
3365,0,6,0,0,0,0,0,0,7,1
3366,0,0,0,0,6,0,0,0,4,3
3367,0,6,0,0,2,0,0,0,6,2
3368,0,0,0,0,3,0,0,0,7,2
3369,0,6,0,0,4,0,0,0,3,1
3370,0,0,0,0,0,0,0,0,3,2
3371,0,0,0,0,3,0,0,0,4,2
3372,0,6,0,0,3,0,0,1,5,3
3373,0,0,0,0,5,0,0,0,4,4
3374,0,5,0,0,0,0,0,0,6,0
3375,0,5,0,0,3,0,0,1,3,4
3376,6,5,0,0,4,0,0,0,5,1
3377,0,6,0,0,4,0,0,0,6,2
3378,0,6,0,0,4,0,0,0,3,1
3379,0,6,0,0,0,0,0,0,4,3
3380,0,6,0,0,0,0,0,0,5,2
3381,0,6,0,0,4,0,0,0,5,6
3382,0,0,0,4,4,0,0,0,7,0
3383,0,0,0,0,0,0,0,0,6,2
3384,0,0,0,0,4,0,0,0,4,1
3385,0,0,0,0,3,0,0,0,8,0
3386,0,0,0,0,0,0,0,0,6,4
3387,0,6,0,0,4,0,0,0,6,0
3388,0,0,0,0,0,0,0,0,3,1
3389,0,6,0,0,0,0,0,0,7,2
3390,0,5,0,0,0,0,0,0,6,2
3391,0,0,0,0,3,0,0,0,4,5
3392,0,0,0,0,5,0,0,0,8,0
3393,0,0,0,0,0,0,0,0,6,1
3394,0,0,0,0,1,0,0,0,4,3
3395,0,0,0,0,1,0,0,0,2,7
3396,6,7,0,0,3,0,0,1,3,0
3397,0,0,0,0,0,0,0,0,6,1
3398,0,5,0,0,0,0,0,0,4,0
3399,0,6,0,0,0,0,0,0,8,1
3400,0,0,0,0,4,0,0,0,4,3
3401,0,0,0,0,0,0,0,0,4,4
3402,0,6,0,0,5,0,0,0,3,3
3403,0,6,0,2,3,0,0,0,3,5
3404,5,5,0,5,4,0,0,0,6,1
3405,0,0,0,0,0,0,0,0,2,3
3406,0,5,0,0,0,0,0,0,2,2
3407,0,6,0,0,0,0,0,0,6,3
3408,0,0,0,0,1,0,0,0,3,2
3409,0,0,0,0,3,0,0,0,1,3
3410,0,6,0,0,0,0,0,0,5,4
3411,0,6,0,0,4,0,0,0,6,2
3412,0,6,0,0,0,0,0,0,4,2
3413,0,6,0,0,3,0,0,0,3,7
3414,0,6,0,0,4,0,0,0,3,2
3415,0,6,0,0,0,0,0,0,6,1
3416,0,0,0,0,2,0,0,0,3,5
3417,0,6,0,0,4,0,0,0,3,2
3418,0,6,0,0,0,0,0,0,7,0
3419,0,5,0,0,4,0,0,0,5,0
3420,0,0,0,0,4,1,0,0,6,1
3421,0,0,0,0,4,0,0,0,3,3
3422,0,0,0,0,0,0,0,0,7,1
3423,0,6,0,0,3,0,0,0,4,2
3424,4,5,0,0,4,0,0,0,6,3
3425,0,0,0,0,0,0,0,1,1,2
3426,0,6,0,0,4,0,0,0,8,2
3427,0,5,0,0,4,0,0,0,6,1
3428,0,6,0,0,0,0,0,0,6,3
3429,0,0,0,0,4,0,0,0,3,1
3430,0,0,0,0,2,0,0,0,6,2
3431,0,0,0,0,4,0,0,0,4,3
3432,0,0,0,0,3,0,0,0,1,3
3433,0,5,0,0,0,0,0,0,6,0
3434,0,0,0,0,4,0,0,0,6,2
3435,0,6,0,0,0,0,0,0,3,1
3436,0,5,0,3,3,0,0,0,4,2
3437,0,6,0,0,0,0,0,0,6,2
3438,0,0,0,0,0,0,0,1,8,0
3439,0,0,0,5,2,0,0,0,3,2
3440,0,0,0,0,0,0,0,0,3,0
3441,0,6,0,0,0,0,0,0,6,0
3442,0,6,0,0,0,0,0,0,7,0
3443,0,0,0,0,4,0,0,0,4,4
3444,0,5,0,0,2,0,0,0,3,2
3445,0,6,0,0,3,0,0,0,2,3
3446,0,5,0,0,0,0,0,0,7,2
3447,0,0,0,0,4,0,0,0,8,0
3448,0,0,0,0,0,0,0,0,4,3
3449,0,0,0,0,0,0,0,0,4,4
3450,0,6,0,0,4,0,0,0,3,2
3451,0,0,0,0,4,0,0,0,6,0
3452,0,0,0,0,6,0,0,0,6,3
3453,0,0,0,0,4,0,0,0,1,3
3454,0,6,0,0,6,1,0,0,4,5
3455,0,6,0,4,3,0,0,0,8,1
3456,0,5,0,0,0,0,0,0,1,4
3457,0,0,0,0,4,0,0,0,6,0
3458,0,6,0,0,2,0,0,0,6,3
3459,0,6,0,3,5,0,0,0,5,1
3460,0,0,0,0,2,0,0,0,1,9
3461,0,0,0,2,0,0,0,0,2,4
3462,0,6,0,0,0,0,0,0,4,4
3463,0,5,0,0,2,0,0,0,2,0
3464,0,0,0,0,0,0,0,0,3,7
3465,0,6,0,0,2,0,0,0,5,3
3466,0,5,0,0,0,0,0,0,3,0
3467,0,6,0,0,3,0,0,0,6,2
3468,0,6,0,0,4,0,0,0,1,3
3469,0,0,0,0,3,0,0,0,6,0
3470,0,6,0,0,4,0,0,0,3,0
3471,0,0,0,0,0,0,0,0,7,0
3472,0,6,0,0,4,0,0,0,3,7
3473,0,0,0,0,3,0,0,0,5,3
3474,0,6,0,0,5,1,0,0,4,1
3475,0,5,0,2,4,0,0,0,6,1
3476,0,0,0,0,3,0,0,0,5,3
3477,0,0,0,0,0,0,0,0,5,2
3478,0,5,0,0,0,0,0,0,3,0
3479,0,5,0,0,4,0,0,0,6,3
3480,0,6,0,2,0,0,0,0,8,1
3481,0,0,0,0,3,0,0,0,6,4
3482,0,6,0,0,4,0,0,0,7,2
3483,0,0,0,0,3,0,0,0,8,2
3484,0,6,0,0,3,0,0,0,6,3
3485,0,6,0,0,3,0,0,0,1,2
3486,0,6,0,0,4,0,0,0,4,0
3487,0,0,0,0,4,0,0,0,4,2
3488,0,0,0,0,4,0,0,0,3,1
3489,0,0,0,0,0,0,0,0,6,1
3490,0,6,0,0,0,0,0,0,3,3
3491,0,6,0,6,4,0,0,0,6,1
3492,0,6,0,0,3,0,0,0,3,1
3493,0,0,0,0,0,0,0,0,4,2
3494,0,5,0,0,0,0,0,0,3,3
3495,0,6,0,0,0,0,0,0,3,2
3496,0,5,0,0,2,0,0,0,2,0
3497,0,5,0,0,0,0,0,0,5,0
3498,0,5,0,0,0,0,0,0,7,0
3499,0,6,0,0,0,0,1,0,3,2
3500,0,0,0,0,0,0,0,0,8,4
3501,0,5,0,0,0,0,0,0,2,6
3502,0,0,0,0,2,0,0,0,3,2
3503,0,6,2,0,3,0,1,0,3,5
3504,0,5,0,0,2,0,0,0,4,1
3505,0,0,0,0,3,0,0,0,8,1
3506,0,0,0,0,3,0,0,0,5,3
3507,0,6,0,0,6,0,0,1,5,4
3508,0,5,0,0,4,0,0,0,3,3
3509,0,6,0,0,4,0,0,0,3,5
3510,0,0,0,4,4,0,0,0,3,6
3511,0,6,0,0,4,0,0,0,3,0
3512,0,5,0,5,0,0,0,0,4,3
3513,0,0,0,0,4,0,0,0,6,4
3514,0,6,0,0,4,0,0,0,3,7
3515,0,0,0,0,6,0,0,0,4,5
3516,0,0,0,0,0,0,0,0,6,2
3517,0,0,1,0,0,0,0,0,3,1
3518,0,6,0,0,4,0,0,0,7,4
3519,0,5,0,0,0,0,0,0,3,1
3520,0,6,0,0,0,0,0,0,8,0
3521,0,6,0,0,0,0,0,0,6,0
3522,0,0,0,0,0,0,0,0,1,5
3523,0,0,0,0,0,0,0,0,4,3
3524,0,6,0,0,0,0,0,0,5,4
3525,0,6,0,0,3,0,0,0,4,1
3526,0,5,0,0,0,0,0,0,3,0
3527,0,6,0,0,0,0,0,0,6,0
3528,0,0,0,0,0,0,0,0,6,1
3529,0,0,0,0,0,0,0,0,4,6
3530,0,6,0,0,0,0,0,0,3,3
3531,0,0,0,0,3,0,0,0,7,2
3532,0,0,0,0,0,0,0,0,4,2
3533,0,6,0,0,4,0,0,0,4,2
3534,0,0,0,0,3,0,0,0,4,0
3535,0,0,0,0,0,0,0,0,3,2
3536,0,0,0,0,3,0,0,0,7,1
3537,0,0,0,0,0,0,0,0,4,2
3538,0,5,0,0,0,0,0,0,3,3
3539,0,6,0,0,0,0,0,0,4,0
3540,0,0,0,0,0,0,0,0,2,3
3541,0,6,0,0,4,0,0,0,4,4
3542,0,0,0,0,0,0,0,0,3,0
3543,0,6,0,0,4,0,0,0,3,2
3544,0,6,0,0,0,0,0,0,6,0
3545,0,0,0,0,0,0,0,0,6,3
3546,0,0,0,0,4,0,0,0,3,0
3547,0,0,0,0,2,0,0,0,1,3
3548,0,6,0,0,0,0,0,0,1,5
3549,0,5,0,0,0,0,0,0,1,4
3550,0,0,0,4,0,0,0,0,3,4
3551,0,0,0,0,6,1,0,0,5,1
3552,0,6,0,0,2,0,0,0,1,4
3553,0,0,0,0,2,0,0,0,1,4
3554,0,0,0,0,3,0,0,0,1,2
3555,0,6,0,0,0,0,0,0,4,3
3556,0,0,0,0,3,0,0,0,3,3
3557,0,6,0,0,3,0,0,0,3,2
3558,0,0,0,0,0,0,0,0,8,2
3559,0,6,0,4,3,0,0,0,4,6
3560,0,0,0,0,6,0,0,0,7,1
3561,0,0,0,0,0,0,0,0,5,5
3562,0,0,0,0,0,0,0,0,5,1
3563,0,5,0,0,0,0,0,0,1,5
3564,0,5,0,0,0,0,0,0,7,1
3565,0,0,0,0,0,0,0,0,3,4
3566,0,6,0,0,2,0,0,0,1,2
3567,0,6,0,0,0,0,0,0,7,0
3568,0,0,0,0,0,0,0,0,6,0
3569,0,6,0,0,0,0,0,0,5,3
3570,0,6,0,0,0,0,0,0,4,2
3571,0,0,0,0,3,0,0,0,2,0
3572,0,0,0,0,2,0,0,0,2,0
3573,0,0,0,0,1,0,0,0,6,3
3574,0,0,0,0,6,0,0,0,4,2
3575,0,6,0,0,4,0,0,0,2,2
3576,0,0,0,0,0,0,0,0,8,1
3577,0,5,0,0,0,0,0,0,1,5
3578,6,6,0,0,0,0,0,0,4,2
3579,0,5,0,0,4,0,0,0,4,3
3580,0,0,0,0,4,0,0,0,6,1
3581,0,0,0,0,2,0,0,0,6,1
3582,0,0,0,0,0,0,0,0,5,1
3583,0,6,0,0,3,0,0,0,6,2
3584,0,0,0,0,0,0,0,0,1,8
3585,0,6,0,0,0,0,0,0,1,2
3586,0,0,0,0,0,0,0,0,8,1
3587,4,6,0,0,0,0,0,0,6,4
3588,0,6,0,0,0,1,0,0,4,0
3589,0,6,0,0,3,0,0,0,3,1
3590,0,5,0,0,0,0,0,0,4,2
3591,0,0,0,0,4,0,0,0,6,0
3592,0,0,0,0,2,0,0,0,4,4
3593,0,6,0,0,4,0,0,0,1,4
3594,0,6,0,0,2,0,0,0,1,4
3595,0,6,0,0,0,0,0,0,1,6
3596,0,6,0,0,0,0,0,0,4,2
3597,0,0,0,0,0,0,0,0,8,1
3598,0,0,0,0,0,0,0,0,2,4
3599,0,0,0,0,4,0,0,0,4,1
3600,0,0,0,0,3,0,0,0,3,4
3601,0,6,0,0,5,0,0,0,4,2
3602,0,6,0,0,4,0,0,0,6,4
3603,0,6,0,0,3,0,0,0,8,0
3604,0,6,0,0,3,0,0,0,8,3
3605,0,0,0,0,0,0,0,0,6,2
3606,0,6,0,0,0,0,0,0,1,3
3607,0,0,0,0,3,0,0,0,6,0
3608,0,6,0,0,0,0,0,0,8,0
3609,0,6,0,0,4,0,0,0,3,2
3610,0,0,0,0,3,0,0,0,1,6
3611,0,0,0,0,6,0,0,0,3,2
3612,0,0,0,0,3,0,0,0,3,3
3613,0,0,0,0,0,0,0,0,8,0
3614,0,6,0,0,0,0,0,0,4,5
3615,0,6,0,0,4,0,0,0,6,5
3616,0,0,0,0,4,0,0,0,4,0
3617,0,0,0,0,0,0,0,0,4,2
3618,0,0,0,0,0,0,0,0,7,2
3619,0,0,0,0,4,0,0,0,5,3
3620,0,0,0,0,4,0,0,0,3,4
3621,0,5,0,0,0,0,0,0,1,2
3622,0,6,0,0,0,0,0,0,4,3
3623,0,6,0,0,4,0,0,0,3,1
3624,0,0,0,0,3,0,0,0,1,4
3625,0,6,0,0,0,0,0,0,3,3
3626,0,6,0,0,0,0,0,0,4,1
3627,0,6,0,0,5,0,0,0,3,3
3628,0,5,0,0,0,0,0,0,7,0
3629,0,0,0,0,0,0,0,1,3,0
3630,0,5,0,0,0,0,0,0,4,0
3631,0,5,0,0,4,0,0,0,4,0
3632,0,0,0,0,2,0,0,0,3,0
3633,0,5,0,0,0,0,0,0,6,2
3634,0,0,0,0,1,0,0,0,5,1
3635,0,6,0,0,4,0,0,0,6,4
3636,0,0,0,0,0,0,0,0,3,6
3637,0,0,0,0,3,0,0,0,4,2
3638,0,6,0,0,0,0,0,0,3,2
3639,0,0,0,0,1,0,0,0,3,3
3640,0,0,0,0,4,0,0,0,1,4
3641,0,6,0,0,0,0,0,0,3,4
3642,0,6,0,0,0,0,0,0,7,0
3643,0,0,0,0,3,0,0,0,3,0
3644,0,6,0,5,0,0,0,0,5,6
3645,0,0,0,0,3,0,0,0,3,2
3646,0,0,0,0,0,0,0,0,3,1
3647,0,0,0,0,2,0,0,0,7,0
3648,0,6,0,0,3,0,0,0,5,2
3649,0,6,0,0,3,0,0,0,6,3
3650,0,0,0,0,0,0,0,0,4,4
3651,0,6,0,0,0,0,0,0,3,2
3652,0,0,0,0,0,0,0,0,2,0
3653,0,0,0,0,0,0,0,0,2,4
3654,0,6,0,0,0,0,0,0,7,2
3655,0,0,0,0,5,0,0,0,3,2
3656,0,0,0,0,0,0,0,0,1,1
3657,0,7,0,0,4,0,0,0,7,2
3658,0,0,0,0,3,0,0,0,3,4
3659,0,0,0,0,1,0,0,0,1,6
3660,0,0,0,0,0,0,0,0,7,1
3661,0,6,0,0,3,0,0,0,6,2
3662,4,6,0,0,0,0,0,0,5,1
3663,0,6,0,0,5,0,0,0,5,2
3664,0,0,0,0,3,0,0,0,1,4
3665,0,0,0,0,0,0,0,0,3,1
3666,0,0,0,0,0,0,0,0,3,4
3667,0,6,0,0,0,0,0,0,5,5
3668,0,0,0,0,3,0,0,0,3,2
3669,0,6,0,0,0,0,1,0,1,4
3670,0,0,0,0,5,0,0,0,4,3
3671,0,5,0,0,0,0,0,0,7,1
3672,0,6,0,0,5,0,0,1,3,0
3673,0,0,0,0,0,0,0,0,1,2
3674,0,0,0,0,0,0,0,0,8,2
3675,0,6,0,0,4,0,0,0,4,0
3676,0,0,0,0,3,0,0,0,6,0
3677,0,6,0,0,3,0,0,0,6,1
3678,0,6,0,0,0,0,0,0,4,3
3679,0,0,0,0,0,0,0,0,3,4
3680,0,0,0,0,4,0,0,0,6,2
3681,0,0,0,0,5,0,0,0,8,2
3682,0,0,0,0,0,0,0,0,3,0
3683,0,0,0,0,4,0,0,0,6,4
3684,0,0,0,4,3,0,0,0,3,5
3685,0,0,0,0,0,0,0,0,6,1
3686,0,0,0,0,4,0,0,0,1,4
3687,0,0,0,0,0,0,0,0,3,2
3688,0,0,0,0,3,0,0,0,6,1
3689,0,0,0,0,0,0,0,0,6,1
3690,0,0,0,0,0,0,0,0,4,3
3691,0,5,0,3,2,0,0,0,4,3
3692,0,5,0,0,0,0,0,0,1,2
3693,0,6,0,0,0,0,0,0,3,2
3694,0,6,0,0,4,0,0,0,4,1
3695,0,0,0,0,0,0,0,0,3,1
3696,0,0,0,0,2,0,0,0,5,2
3697,0,6,0,0,4,0,0,0,2,7
3698,0,5,0,0,0,0,0,0,3,1
3699,0,0,0,0,5,0,0,0,5,5
3700,0,6,0,0,4,0,0,0,4,2
3701,0,6,0,0,0,0,0,0,1,1
3702,0,6,0,0,2,0,0,0,3,1
3703,0,6,0,0,4,0,0,0,1,4
3704,0,6,0,0,4,0,0,0,8,0
3705,0,0,0,0,4,0,0,0,4,4
3706,0,0,0,0,0,0,0,0,3,2
3707,0,5,0,0,0,0,0,0,2,4
3708,0,0,0,0,2,0,0,0,4,0
3709,4,6,0,0,2,0,0,0,4,2
3710,0,0,0,0,0,0,0,0,3,2
3711,5,0,0,0,0,0,0,0,3,4
3712,0,6,0,0,4,0,0,0,4,5
3713,0,0,0,0,4,0,0,0,3,2
3714,0,0,0,0,0,0,0,0,4,6
3715,0,0,0,0,0,0,0,0,6,2
3716,0,6,0,0,4,0,0,0,7,2
3717,0,0,0,0,0,0,0,0,8,2
3718,0,6,0,0,2,0,0,0,4,4
3719,0,0,0,0,0,0,0,0,3,0
3720,0,5,0,0,0,0,0,0,1,3
3721,0,0,0,0,4,0,0,0,3,3
3722,0,6,0,0,4,0,0,0,5,6
3723,0,0,0,0,3,0,0,0,4,2
3724,0,0,0,0,0,0,0,0,8,0
3725,0,6,0,0,4,0,0,0,1,2
3726,0,6,0,0,4,0,0,0,8,1
3727,0,0,0,0,3,0,0,0,3,1
3728,0,6,0,0,0,0,0,0,8,0
3729,0,0,0,0,0,0,0,0,8,2
3730,0,6,0,0,4,1,0,0,6,2
3731,0,6,0,0,0,0,0,0,3,3
3732,0,0,0,0,0,0,0,0,6,3
3733,0,0,0,0,2,0,0,0,4,4
3734,0,0,0,0,4,0,0,0,6,0
3735,0,6,0,0,5,0,0,0,6,2
3736,0,6,0,0,0,0,0,0,3,1
3737,0,5,0,0,0,0,0,0,2,4
3738,0,0,0,0,0,0,0,0,6,2
3739,0,0,0,0,0,0,0,0,3,1
3740,0,0,0,0,0,0,0,0,4,2
3741,0,0,0,0,2,0,0,0,1,4
3742,0,6,0,0,0,0,0,0,6,2
3743,0,0,0,0,0,0,0,0,6,2
3744,0,0,0,0,3,0,0,0,6,0
3745,0,6,0,0,4,0,0,0,3,1
3746,0,6,0,0,4,0,0,0,6,2
3747,0,0,0,0,0,0,0,0,7,1
3748,0,0,0,0,0,0,0,0,6,2
3749,0,0,0,0,0,0,0,0,1,1
3750,0,0,0,0,3,0,0,0,2,3
3751,0,6,0,0,0,0,0,0,4,4
3752,4,5,0,0,6,0,0,0,6,3
3753,0,0,0,0,0,0,0,0,5,4
3754,0,0,0,0,5,0,0,0,6,1
3755,0,6,0,0,1,0,0,0,3,2
3756,0,6,0,0,0,0,0,0,4,3
3757,0,0,0,0,4,0,0,0,5,3
3758,0,0,0,0,0,0,0,0,6,0
3759,0,6,0,0,4,0,0,0,1,5
3760,0,0,0,0,3,0,0,0,3,5
3761,0,0,0,0,0,0,0,0,2,0
3762,0,5,0,0,0,0,0,0,2,3
3763,0,5,0,6,4,0,0,1,3,1
3764,0,6,0,0,0,0,0,0,3,5
3765,0,0,0,0,0,0,0,0,4,3
3766,0,0,0,0,0,0,0,0,3,4
3767,0,0,0,0,4,0,0,0,5,3
3768,0,0,0,0,5,0,0,0,3,0
3769,0,5,0,0,0,0,0,0,5,2
3770,0,6,0,0,3,0,0,0,3,1
3771,0,6,0,0,0,0,0,0,3,3
3772,0,6,0,0,4,0,0,0,8,0
3773,4,0,0,0,2,0,0,0,4,1
3774,0,0,0,0,4,0,0,0,6,1
3775,0,0,0,0,0,0,0,0,7,0
3776,0,0,0,0,3,0,0,0,6,4
3777,0,6,0,0,4,0,0,0,4,2
3778,0,6,0,0,2,0,0,0,2,3
3779,0,0,0,0,0,0,0,0,8,4
3780,0,0,0,0,4,0,0,0,8,0
3781,0,0,0,0,0,0,0,0,8,3
3782,0,5,0,0,1,0,0,0,4,0
3783,0,6,0,0,3,0,0,0,7,0
3784,0,6,0,0,2,0,0,0,3,2
3785,0,0,0,0,1,0,0,0,1,2
3786,6,0,0,0,3,0,0,0,3,7
3787,0,0,0,0,0,0,0,0,8,2
3788,0,6,0,0,0,0,0,0,6,3
3789,0,0,0,0,4,0,0,0,8,2
3790,0,0,0,0,0,0,0,0,1,2
3791,6,6,0,4,3,0,0,0,3,2
3792,0,0,0,0,0,0,0,0,2,5
3793,0,6,0,0,4,0,0,0,6,1
3794,6,6,0,0,3,0,0,0,6,2
3795,0,0,0,0,4,0,0,0,3,0
3796,0,0,0,0,3,0,0,0,1,4
3797,0,5,0,0,0,0,0,0,3,0
3798,0,0,0,4,4,0,0,0,6,0
3799,0,6,0,0,2,0,0,0,5,2
3800,0,6,0,0,4,0,0,0,7,1
3801,0,0,0,0,4,0,0,0,5,7
3802,0,6,0,0,2,0,0,0,4,5
3803,0,0,0,0,0,0,0,0,1,3
3804,0,0,0,0,2,0,0,0,5,3
3805,0,0,0,0,4,0,0,0,6,0
3806,0,6,0,0,0,0,0,0,6,3
3807,4,6,0,0,0,0,0,0,4,2
3808,0,6,0,0,0,0,0,0,3,1
3809,5,6,0,0,4,0,0,0,8,0
3810,0,6,0,0,3,0,0,0,8,1
3811,0,0,0,0,0,0,0,0,5,2
3812,0,6,0,0,5,0,0,0,2,2
3813,0,0,0,0,1,0,0,0,1,4
3814,0,6,2,0,0,0,0,0,4,1
3815,0,0,0,0,0,0,0,0,6,1
3816,0,0,0,0,0,0,0,0,3,4
3817,0,0,0,0,2,0,0,0,1,1
3818,0,5,0,0,0,0,0,0,3,0
3819,0,5,0,0,0,0,0,0,6,2
3820,0,5,0,0,0,0,0,0,6,0
3821,0,0,0,0,4,0,0,0,5,3
3822,0,6,0,0,0,0,0,0,6,3
3823,0,5,0,4,3,0,0,0,2,4
3824,0,6,0,0,0,0,0,0,4,3
3825,0,0,0,0,4,0,0,0,5,2
3826,0,6,0,0,0,0,0,0,6,0
3827,0,6,0,0,0,0,0,0,2,4
3828,0,5,0,0,0,0,0,0,7,2
3829,0,0,0,0,0,0,0,0,6,0
3830,0,0,0,0,4,0,0,0,3,0
3831,0,6,0,0,3,0,0,0,8,1
3832,0,6,0,0,4,0,0,0,1,2
3833,0,6,0,0,3,0,0,0,3,0
3834,0,0,0,0,3,0,0,0,4,5
3835,0,0,0,0,2,0,0,0,7,0
3836,0,6,0,0,4,0,0,0,7,2
3837,0,0,0,0,4,0,0,0,2,2
3838,0,6,0,0,0,0,0,0,8,0
3839,0,6,0,0,4,0,0,0,4,1
3840,0,6,0,0,4,0,0,0,6,4
3841,0,6,0,0,2,0,0,0,3,4
3842,0,6,0,0,4,0,0,0,7,4
3843,5,0,0,0,4,0,0,0,3,4
3844,0,6,0,0,0,0,0,0,3,2
3845,0,0,0,0,4,0,0,0,8,3
3846,0,0,0,0,3,0,0,0,3,5
3847,0,0,0,0,0,0,0,0,5,1
3848,0,0,0,0,0,0,0,0,6,2
3849,4,0,0,0,0,0,0,0,3,3
3850,0,0,0,0,0,0,0,0,3,2
3851,0,6,0,0,4,0,0,0,7,0
3852,0,6,0,0,0,0,0,0,4,2
3853,0,0,0,0,4,0,0,0,3,2
3854,0,0,0,0,0,0,0,0,5,3
3855,0,0,2,0,6,0,0,0,6,3
3856,0,0,0,0,0,0,0,0,6,0
3857,0,0,0,0,3,0,0,0,1,3
3858,0,0,0,0,0,0,0,0,7,0
3859,0,6,0,0,2,0,0,0,3,0
3860,0,6,0,3,0,1,0,0,4,3
3861,0,0,0,0,0,0,0,0,3,0
3862,0,6,0,0,4,0,0,0,7,1
3863,0,6,0,0,0,0,0,0,5,2
3864,0,6,0,0,2,0,0,0,2,5
3865,6,6,0,0,3,0,0,0,1,4
3866,0,6,0,4,6,0,0,0,4,1
3867,0,6,0,0,4,0,0,0,3,1
3868,0,0,0,0,3,0,0,0,2,3
3869,0,6,0,0,0,0,0,0,5,1
3870,0,0,0,0,3,0,0,0,3,4
3871,0,6,0,0,2,0,0,0,7,1
3872,0,6,0,0,0,0,0,0,5,2
3873,0,0,0,0,0,0,0,0,6,0
3874,0,0,0,0,3,0,0,0,3,0
3875,0,5,0,0,0,0,0,0,2,4
3876,0,6,0,0,0,0,0,0,5,5
3877,0,0,0,0,0,0,0,0,6,0
3878,0,0,0,0,4,0,0,0,5,2
3879,0,5,0,0,2,0,0,0,1,4
3880,0,6,0,0,2,0,0,0,2,3
3881,0,6,0,0,0,0,0,0,1,5
3882,0,6,0,0,3,0,0,0,5,1
3883,0,0,0,0,0,0,0,0,3,1
3884,0,6,0,0,5,0,0,0,3,2
3885,0,5,0,0,0,0,0,0,8,0
3886,0,0,0,0,0,0,0,0,4,5
3887,0,5,0,0,4,0,0,0,3,2
3888,0,5,0,0,0,0,0,0,3,4
3889,0,6,0,0,4,0,0,0,6,4
3890,0,0,0,0,4,0,0,0,3,4
3891,0,6,0,0,3,0,0,0,4,1
3892,0,6,0,2,4,0,0,0,5,4
3893,0,5,0,0,0,0,0,0,2,1
3894,0,6,0,0,4,0,0,0,8,0
3895,0,0,0,0,4,0,0,0,6,3
3896,0,0,0,0,0,0,0,0,7,0
3897,4,6,0,0,2,0,0,0,6,0
3898,0,0,0,0,3,0,0,0,3,3
3899,0,6,0,0,6,0,0,1,3,3
3900,0,0,0,0,3,0,0,0,8,3
3901,0,0,0,0,0,0,0,0,3,0
3902,0,6,0,0,4,0,0,0,6,3
3903,0,0,0,0,3,0,0,0,8,3
3904,0,6,0,0,0,0,0,0,6,1
3905,0,0,0,2,2,0,0,0,2,5
3906,0,6,0,0,4,0,0,0,6,2
3907,0,0,0,0,0,0,0,0,1,5
3908,0,0,0,0,0,0,0,0,3,2
3909,0,6,0,0,0,0,0,0,2,1
3910,0,6,0,0,3,0,0,0,6,1
3911,0,6,0,0,0,0,0,0,3,3
3912,0,6,0,0,3,0,0,0,1,1
3913,0,6,0,0,4,0,0,0,8,0
3914,0,6,0,0,0,0,0,0,6,1
3915,0,6,0,6,4,0,0,0,6,1
3916,0,0,0,0,0,0,0,0,8,2
3917,0,0,0,0,3,0,0,0,5,2
3918,0,6,0,3,4,0,0,0,7,3
3919,0,6,0,0,4,0,0,0,3,2
3920,0,0,0,0,3,0,0,0,3,3
3921,0,6,0,0,5,0,0,0,8,0
3922,0,6,0,0,0,0,0,0,3,1
3923,0,0,0,0,3,0,0,0,1,4
3924,0,0,0,0,0,0,0,0,2,5
3925,0,0,0,0,0,0,0,0,4,3
3926,0,0,0,0,0,0,0,0,4,0
3927,0,5,0,0,3,0,0,0,3,4
3928,0,0,0,0,2,0,0,0,2,3
3929,0,0,0,0,0,0,0,0,8,3
3930,0,6,0,0,4,0,0,0,3,4
3931,0,0,0,0,3,0,0,0,3,5
3932,4,6,0,0,0,0,0,0,1,3
3933,0,6,0,0,0,0,0,0,4,1
3934,0,0,0,0,4,0,0,0,6,3
3935,0,0,0,0,2,0,0,0,7,1
3936,0,6,0,0,4,0,0,0,4,4
3937,0,6,0,0,0,0,0,0,3,3
3938,0,6,0,0,0,0,0,0,7,2
3939,0,6,0,0,6,1,0,0,5,2
3940,0,0,0,0,2,1,0,0,4,4
3941,0,6,0,0,0,0,0,0,7,0
3942,0,6,0,0,0,0,0,0,3,2
3943,4,6,0,0,2,0,0,0,4,1
3944,0,0,0,0,2,0,0,0,2,4
3945,0,0,0,0,4,0,0,0,6,2
3946,0,0,0,0,4,0,0,0,6,2
3947,0,5,0,0,3,0,0,0,1,2
3948,0,0,0,0,0,0,0,0,3,4
3949,0,5,0,0,4,0,0,0,6,0
3950,0,0,0,0,0,0,0,0,3,3
3951,0,0,0,0,2,0,0,0,4,2
3952,0,5,0,0,2,0,0,0,1,3
3953,0,6,0,0,0,0,0,0,5,3
3954,0,6,0,0,0,0,0,0,4,2
3955,0,0,0,0,6,0,0,0,4,1
3956,0,6,0,0,3,0,0,0,6,2
3957,0,0,0,0,0,0,0,0,3,0
3958,0,6,0,0,0,0,0,0,5,4
3959,6,0,0,0,0,0,0,0,5,2
3960,0,6,0,0,4,0,0,0,6,1
3961,0,0,0,0,4,0,0,0,8,0
3962,0,6,0,0,1,0,0,0,4,5
3963,0,0,0,0,2,0,0,0,4,3
3964,0,6,0,0,0,0,0,0,5,3
3965,0,6,0,0,0,0,0,0,3,3
3966,0,0,0,0,4,0,0,0,1,4
3967,0,0,0,0,4,0,0,0,3,2
3968,0,5,0,0,1,0,0,0,2,4
3969,0,5,0,0,2,0,0,0,6,0
3970,0,0,0,0,0,0,0,0,2,2
3971,0,0,0,0,3,0,0,0,8,1
3972,0,0,0,0,3,0,0,0,6,0
3973,0,6,0,4,3,0,0,0,8,6
3974,0,6,0,0,4,0,0,0,5,0
3975,0,6,0,0,4,0,0,0,3,4
3976,0,0,0,0,0,0,0,0,3,1
3977,0,5,0,0,1,0,0,0,3,1
3978,0,5,0,0,0,0,0,0,4,2
3979,0,0,0,0,0,0,0,0,5,7
3980,0,6,0,0,4,0,0,0,3,2
3981,0,0,0,0,4,0,0,0,4,3
3982,0,0,0,0,0,0,0,0,8,2
3983,0,6,0,3,4,0,0,0,6,1
3984,0,0,0,0,0,0,0,0,3,1
3985,0,0,0,0,3,0,0,0,6,3
3986,0,6,0,0,4,0,0,0,7,1
3987,0,0,0,0,0,0,0,0,4,3
3988,0,0,0,3,4,0,0,0,3,4
3989,0,0,0,0,4,0,0,0,7,0
3990,0,0,0,0,0,0,0,0,3,0
3991,0,6,0,0,0,0,0,0,2,3
3992,0,6,0,0,2,0,0,0,2,4
3993,0,5,0,0,4,0,0,0,3,2
3994,0,6,0,0,0,0,0,0,8,0
3995,0,6,0,0,3,0,0,0,3,4
3996,0,6,0,6,4,0,0,0,2,3
3997,0,6,0,0,3,0,0,0,3,2
3998,0,6,0,0,0,0,0,0,3,3
3999,0,0,0,0,4,0,0,0,8,1
